565423;Bdín;51;34;34;Obèanská demokratická strana,Øád národa - Vlastenecká unie,CESTA ODPOVÌDNÉ SPOLEÈNOSTI,Èeská str.sociálnì demokrat.,Radostné Èesko,STAROSTOVÉ A NEZÁVISLÍ,Komunistická str.Èech a Moravy,Strana zelenıch,ROZUMNÍ-stop migraci,diktát.EU,Strana svobodnıch obèanù,Blok proti islam.-Obran.domova,Obèanská demokratická aliance,Èeská pirátská strana,Unie H.A.V.E.L.,Referendum o Evropské unii,TOP 09,ANO 2011,Dobrá volba 2016,SPR-Republ.str.Èsl. M.Sládka,Køes.demokr.unie-Ès.str.lid.,Èeská strana národnì sociální,REALISTÉ,SPORTOVCI,Dìlnic.str.sociální spravedl.,Svob.a pø.dem.-T.Okamura (SPD),Strana Práv Obèanù

541672;Branov;170;120;119;Obèanská demokratická strana,Øád národa - Vlastenecká unie,CESTA ODPOVÌDNÉ SPOLEÈNOSTI,Èeská str.sociálnì demokrat.,Radostné Èesko,STAROSTOVÉ A NEZÁVISLÍ,Komunistická str.Èech a Moravy,Strana zelenıch,ROZUMNÍ-stop migraci,diktát.EU,Strana svobodnıch obèanù,Blok proti islam.-Obran.domova,Obèanská demokratická aliance,Èeská pirátská strana,Unie H.A.V.E.L.,Referendum o Evropské unii,TOP 09,ANO 2011,Dobrá volba 2016,SPR-Republ.str.Èsl. M.Sládka,Køes.demokr.unie-Ès.str.lid.,Èeská strana národnì sociální,REALISTÉ,SPORTOVCI,Dìlnic.str.sociální spravedl.,Svob.a pø.dem.-T.Okamura (SPD),Strana Práv Obèanù

565041;Bøeany;106;71;69;Obèanská demokratická strana,Øád národa - Vlastenecká unie,CESTA ODPOVÌDNÉ SPOLEÈNOSTI,Èeská str.sociálnì demokrat.,Radostné Èesko,STAROSTOVÉ A NEZÁVISLÍ,Komunistická str.Èech a Moravy,Strana zelenıch,ROZUMNÍ-stop migraci,diktát.EU,Strana svobodnıch obèanù,Blok proti islam.-Obran.domova,Obèanská demokratická aliance,Èeská pirátská strana,Unie H.A.V.E.L.,Referendum o Evropské unii,TOP 09,ANO 2011,Dobrá volba 2016,SPR-Republ.str.Èsl. M.Sládka,Køes.demokr.unie-Ès.str.lid.,Èeská strana národnì sociální,REALISTÉ,SPORTOVCI,Dìlnic.str.sociální spravedl.,Svob.a pø.dem.-T.Okamura (SPD),Strana Práv Obèanù

541699;Èistá;574;315;314;Obèanská demokratická strana,Øád národa - Vlastenecká unie,CESTA ODPOVÌDNÉ SPOLEÈNOSTI,Èeská str.sociálnì demokrat.,Radostné Èesko,STAROSTOVÉ A NEZÁVISLÍ,Komunistická str.Èech a Moravy,Strana zelenıch,ROZUMNÍ-stop migraci,diktát.EU,Strana svobodnıch obèanù,Blok proti islam.-Obran.domova,Obèanská demokratická aliance,Èeská pirátská strana,Unie H.A.V.E.L.,Referendum o Evropské unii,TOP 09,ANO 2011,Dobrá volba 2016,SPR-Republ.str.Èsl. M.Sládka,Køes.demokr.unie-Ès.str.lid.,Èeská strana národnì sociální,REALISTÉ,SPORTOVCI,Dìlnic.str.sociální spravedl.,Svob.a pø.dem.-T.Okamura (SPD),Strana Práv Obèanù

541699;Èistá;78;36;36;Obèanská demokratická strana,Øád národa - Vlastenecká unie,CESTA ODPOVÌDNÉ SPOLEÈNOSTI,Èeská str.sociálnì demokrat.,Radostné Èesko,STAROSTOVÉ A NEZÁVISLÍ,Komunistická str.Èech a Moravy,Strana zelenıch,ROZUMNÍ-stop migraci,diktát.EU,Strana svobodnıch obèanù,Blok proti islam.-Obran.domova,Obèanská demokratická aliance,Èeská pirátská strana,Unie H.A.V.E.L.,Referendum o Evropské unii,TOP 09,ANO 2011,Dobrá volba 2016,SPR-Republ.str.Èsl. M.Sládka,Køes.demokr.unie-Ès.str.lid.,Èeská strana národnì sociální,REALISTÉ,SPORTOVCI,Dìlnic.str.sociální spravedl.,Svob.a pø.dem.-T.Okamura (SPD),Strana Práv Obèanù

541699;Èistá;72;37;37;Obèanská demokratická strana,Øád národa - Vlastenecká unie,CESTA ODPOVÌDNÉ SPOLEÈNOSTI,Èeská str.sociálnì demokrat.,Radostné Èesko,STAROSTOVÉ A NEZÁVISLÍ,Komunistická str.Èech a Moravy,Strana zelenıch,ROZUMNÍ-stop migraci,diktát.EU,Strana svobodnıch obèanù,Blok proti islam.-Obran.domova,Obèanská demokratická aliance,Èeská pirátská strana,Unie H.A.V.E.L.,Referendum o Evropské unii,TOP 09,ANO 2011,Dobrá volba 2016,SPR-Republ.str.Èsl. M.Sládka,Køes.demokr.unie-Ès.str.lid.,Èeská strana národnì sociální,REALISTÉ,SPORTOVCI,Dìlnic.str.sociální spravedl.,Svob.a pø.dem.-T.Okamura (SPD),Strana Práv Obèanù

565181;Dìkov;160;63;63;Obèanská demokratická strana,Øád národa - Vlastenecká unie,CESTA ODPOVÌDNÉ SPOLEÈNOSTI,Èeská str.sociálnì demokrat.,Radostné Èesko,STAROSTOVÉ A NEZÁVISLÍ,Komunistická str.Èech a Moravy,Strana zelenıch,ROZUMNÍ-stop migraci,diktát.EU,Strana svobodnıch obèanù,Blok proti islam.-Obran.domova,Obèanská demokratická aliance,Èeská pirátská strana,Unie H.A.V.E.L.,Referendum o Evropské unii,TOP 09,ANO 2011,Dobrá volba 2016,SPR-Republ.str.Èsl. M.Sládka,Køes.demokr.unie-Ès.str.lid.,Èeská strana národnì sociální,REALISTÉ,SPORTOVCI,Dìlnic.str.sociální spravedl.,Svob.a pø.dem.-T.Okamura (SPD),Strana Práv Obèanù

529711;Drahouš;64;41;41;Obèanská demokratická strana,Øád národa - Vlastenecká unie,CESTA ODPOVÌDNÉ SPOLEÈNOSTI,Èeská str.sociálnì demokrat.,Radostné Èesko,STAROSTOVÉ A NEZÁVISLÍ,Komunistická str.Èech a Moravy,Strana zelenıch,ROZUMNÍ-stop migraci,diktát.EU,Strana svobodnıch obèanù,Blok proti islam.-Obran.domova,Obèanská demokratická aliance,Èeská pirátská strana,Unie H.A.V.E.L.,Referendum o Evropské unii,TOP 09,ANO 2011,Dobrá volba 2016,SPR-Republ.str.Èsl. M.Sládka,Køes.demokr.unie-Ès.str.lid.,Èeská strana národnì sociální,REALISTÉ,SPORTOVCI,Dìlnic.str.sociální spravedl.,Svob.a pø.dem.-T.Okamura (SPD),Strana Práv Obèanù

541729;Hoøesedly;331;183;183;Obèanská demokratická strana,Øád národa - Vlastenecká unie,CESTA ODPOVÌDNÉ SPOLEÈNOSTI,Èeská str.sociálnì demokrat.,Radostné Èesko,STAROSTOVÉ A NEZÁVISLÍ,Komunistická str.Èech a Moravy,Strana zelenıch,ROZUMNÍ-stop migraci,diktát.EU,Strana svobodnıch obèanù,Blok proti islam.-Obran.domova,Obèanská demokratická aliance,Èeská pirátská strana,Unie H.A.V.E.L.,Referendum o Evropské unii,TOP 09,ANO 2011,Dobrá volba 2016,SPR-Republ.str.Èsl. M.Sládka,Køes.demokr.unie-Ès.str.lid.,Èeská strana národnì sociální,REALISTÉ,SPORTOVCI,Dìlnic.str.sociální spravedl.,Svob.a pø.dem.-T.Okamura (SPD),Strana Práv Obèanù

541737;Hoøovièky;385;170;168;Obèanská demokratická strana,Øád národa - Vlastenecká unie,CESTA ODPOVÌDNÉ SPOLEÈNOSTI,Èeská str.sociálnì demokrat.,Radostné Èesko,STAROSTOVÉ A NEZÁVISLÍ,Komunistická str.Èech a Moravy,Strana zelenıch,ROZUMNÍ-stop migraci,diktát.EU,Strana svobodnıch obèanù,Blok proti islam.-Obran.domova,Obèanská demokratická aliance,Èeská pirátská strana,Unie H.A.V.E.L.,Referendum o Evropské unii,TOP 09,ANO 2011,Dobrá volba 2016,SPR-Republ.str.Èsl. M.Sládka,Køes.demokr.unie-Ès.str.lid.,Èeská strana národnì sociální,REALISTÉ,SPORTOVCI,Dìlnic.str.sociální spravedl.,Svob.a pø.dem.-T.Okamura (SPD),Strana Práv Obèanù

565202;Hracholusky;66;49;49;Obèanská demokratická strana,Øád národa - Vlastenecká unie,CESTA ODPOVÌDNÉ SPOLEÈNOSTI,Èeská str.sociálnì demokrat.,Radostné Èesko,STAROSTOVÉ A NEZÁVISLÍ,Komunistická str.Èech a Moravy,Strana zelenıch,ROZUMNÍ-stop migraci,diktát.EU,Strana svobodnıch obèanù,Blok proti islam.-Obran.domova,Obèanská demokratická aliance,Èeská pirátská strana,Unie H.A.V.E.L.,Referendum o Evropské unii,TOP 09,ANO 2011,Dobrá volba 2016,SPR-Republ.str.Èsl. M.Sládka,Køes.demokr.unie-Ès.str.lid.,Èeská strana národnì sociální,REALISTÉ,SPORTOVCI,Dìlnic.str.sociální spravedl.,Svob.a pø.dem.-T.Okamura (SPD),Strana Práv Obèanù

541761;Høebeèníky;39;32;32;Obèanská demokratická strana,Øád národa - Vlastenecká unie,CESTA ODPOVÌDNÉ SPOLEÈNOSTI,Èeská str.sociálnì demokrat.,Radostné Èesko,STAROSTOVÉ A NEZÁVISLÍ,Komunistická str.Èech a Moravy,Strana zelenıch,ROZUMNÍ-stop migraci,diktát.EU,Strana svobodnıch obèanù,Blok proti islam.-Obran.domova,Obèanská demokratická aliance,Èeská pirátská strana,Unie H.A.V.E.L.,Referendum o Evropské unii,TOP 09,ANO 2011,Dobrá volba 2016,SPR-Republ.str.Èsl. M.Sládka,Køes.demokr.unie-Ès.str.lid.,Èeská strana národnì sociální,REALISTÉ,SPORTOVCI,Dìlnic.str.sociální spravedl.,Svob.a pø.dem.-T.Okamura (SPD),Strana Práv Obèanù

541761;Høebeèníky;28;18;18;Obèanská demokratická strana,Øád národa - Vlastenecká unie,CESTA ODPOVÌDNÉ SPOLEÈNOSTI,Èeská str.sociálnì demokrat.,Radostné Èesko,STAROSTOVÉ A NEZÁVISLÍ,Komunistická str.Èech a Moravy,Strana zelenıch,ROZUMNÍ-stop migraci,diktát.EU,Strana svobodnıch obèanù,Blok proti islam.-Obran.domova,Obèanská demokratická aliance,Èeská pirátská strana,Unie H.A.V.E.L.,Referendum o Evropské unii,TOP 09,ANO 2011,Dobrá volba 2016,SPR-Republ.str.Èsl. M.Sládka,Køes.demokr.unie-Ès.str.lid.,Èeská strana národnì sociální,REALISTÉ,SPORTOVCI,Dìlnic.str.sociální spravedl.,Svob.a pø.dem.-T.Okamura (SPD),Strana Práv Obèanù

541761;Høebeèníky;153;103;102;Obèanská demokratická strana,Øád národa - Vlastenecká unie,CESTA ODPOVÌDNÉ SPOLEÈNOSTI,Èeská str.sociálnì demokrat.,Radostné Èesko,STAROSTOVÉ A NEZÁVISLÍ,Komunistická str.Èech a Moravy,Strana zelenıch,ROZUMNÍ-stop migraci,diktát.EU,Strana svobodnıch obèanù,Blok proti islam.-Obran.domova,Obèanská demokratická aliance,Èeská pirátská strana,Unie H.A.V.E.L.,Referendum o Evropské unii,TOP 09,ANO 2011,Dobrá volba 2016,SPR-Republ.str.Èsl. M.Sládka,Køes.demokr.unie-Ès.str.lid.,Èeská strana národnì sociální,REALISTÉ,SPORTOVCI,Dìlnic.str.sociální spravedl.,Svob.a pø.dem.-T.Okamura (SPD),Strana Práv Obèanù

541770;Høedle;464;276;275;Obèanská demokratická strana,Øád národa - Vlastenecká unie,CESTA ODPOVÌDNÉ SPOLEÈNOSTI,Èeská str.sociálnì demokrat.,Radostné Èesko,STAROSTOVÉ A NEZÁVISLÍ,Komunistická str.Èech a Moravy,Strana zelenıch,ROZUMNÍ-stop migraci,diktát.EU,Strana svobodnıch obèanù,Blok proti islam.-Obran.domova,Obèanská demokratická aliance,Èeská pirátská strana,Unie H.A.V.E.L.,Referendum o Evropské unii,TOP 09,ANO 2011,Dobrá volba 2016,SPR-Republ.str.Èsl. M.Sládka,Køes.demokr.unie-Ès.str.lid.,Èeská strana národnì sociální,REALISTÉ,SPORTOVCI,Dìlnic.str.sociální spravedl.,Svob.a pø.dem.-T.Okamura (SPD),Strana Práv Obèanù

565334;Hvozd;133;77;75;Obèanská demokratická strana,Øád národa - Vlastenecká unie,CESTA ODPOVÌDNÉ SPOLEÈNOSTI,Èeská str.sociálnì demokrat.,Radostné Èesko,STAROSTOVÉ A NEZÁVISLÍ,Komunistická str.Èech a Moravy,Strana zelenıch,ROZUMNÍ-stop migraci,diktát.EU,Strana svobodnıch obèanù,Blok proti islam.-Obran.domova,Obèanská demokratická aliance,Èeská pirátská strana,Unie H.A.V.E.L.,Referendum o Evropské unii,TOP 09,ANO 2011,Dobrá volba 2016,SPR-Republ.str.Èsl. M.Sládka,Køes.demokr.unie-Ès.str.lid.,Èeská strana národnì sociální,REALISTÉ,SPORTOVCI,Dìlnic.str.sociální spravedl.,Svob.a pø.dem.-T.Okamura (SPD),Strana Práv Obèanù

541818;Chrášany;532;306;304;Obèanská demokratická strana,Øád národa - Vlastenecká unie,CESTA ODPOVÌDNÉ SPOLEÈNOSTI,Èeská str.sociálnì demokrat.,Radostné Èesko,STAROSTOVÉ A NEZÁVISLÍ,Komunistická str.Èech a Moravy,Strana zelenıch,ROZUMNÍ-stop migraci,diktát.EU,Strana svobodnıch obèanù,Blok proti islam.-Obran.domova,Obèanská demokratická aliance,Èeská pirátská strana,Unie H.A.V.E.L.,Referendum o Evropské unii,TOP 09,ANO 2011,Dobrá volba 2016,SPR-Republ.str.Èsl. M.Sládka,Køes.demokr.unie-Ès.str.lid.,Èeská strana národnì sociální,REALISTÉ,SPORTOVCI,Dìlnic.str.sociální spravedl.,Svob.a pø.dem.-T.Okamura (SPD),Strana Práv Obèanù

565270;Janov;109;87;87;Obèanská demokratická strana,Øád národa - Vlastenecká unie,CESTA ODPOVÌDNÉ SPOLEÈNOSTI,Èeská str.sociálnì demokrat.,Radostné Èesko,STAROSTOVÉ A NEZÁVISLÍ,Komunistická str.Èech a Moravy,Strana zelenıch,ROZUMNÍ-stop migraci,diktát.EU,Strana svobodnıch obèanù,Blok proti islam.-Obran.domova,Obèanská demokratická aliance,Èeská pirátská strana,Unie H.A.V.E.L.,Referendum o Evropské unii,TOP 09,ANO 2011,Dobrá volba 2016,SPR-Republ.str.Èsl. M.Sládka,Køes.demokr.unie-Ès.str.lid.,Èeská strana národnì sociální,REALISTÉ,SPORTOVCI,Dìlnic.str.sociální spravedl.,Svob.a pø.dem.-T.Okamura (SPD),Strana Práv Obèanù

541834;Jesenice;644;327;326;Obèanská demokratická strana,Øád národa - Vlastenecká unie,CESTA ODPOVÌDNÉ SPOLEÈNOSTI,Èeská str.sociálnì demokrat.,Radostné Èesko,STAROSTOVÉ A NEZÁVISLÍ,Komunistická str.Èech a Moravy,Strana zelenıch,ROZUMNÍ-stop migraci,diktát.EU,Strana svobodnıch obèanù,Blok proti islam.-Obran.domova,Obèanská demokratická aliance,Èeská pirátská strana,Unie H.A.V.E.L.,Referendum o Evropské unii,TOP 09,ANO 2011,Dobrá volba 2016,SPR-Republ.str.Èsl. M.Sládka,Køes.demokr.unie-Ès.str.lid.,Èeská strana národnì sociální,REALISTÉ,SPORTOVCI,Dìlnic.str.sociální spravedl.,Svob.a pø.dem.-T.Okamura (SPD),Strana Práv Obèanù

541834;Jesenice;677;396;396;Obèanská demokratická strana,Øád národa - Vlastenecká unie,CESTA ODPOVÌDNÉ SPOLEÈNOSTI,Èeská str.sociálnì demokrat.,Radostné Èesko,STAROSTOVÉ A NEZÁVISLÍ,Komunistická str.Èech a Moravy,Strana zelenıch,ROZUMNÍ-stop migraci,diktát.EU,Strana svobodnıch obèanù,Blok proti islam.-Obran.domova,Obèanská demokratická aliance,Èeská pirátská strana,Unie H.A.V.E.L.,Referendum o Evropské unii,TOP 09,ANO 2011,Dobrá volba 2016,SPR-Republ.str.Èsl. M.Sládka,Køes.demokr.unie-Ès.str.lid.,Èeská strana národnì sociální,REALISTÉ,SPORTOVCI,Dìlnic.str.sociální spravedl.,Svob.a pø.dem.-T.Okamura (SPD),Strana Práv Obèanù

565440;Kalivody;81;53;53;Obèanská demokratická strana,Øád národa - Vlastenecká unie,CESTA ODPOVÌDNÉ SPOLEÈNOSTI,Èeská str.sociálnì demokrat.,Radostné Èesko,STAROSTOVÉ A NEZÁVISLÍ,Komunistická str.Èech a Moravy,Strana zelenıch,ROZUMNÍ-stop migraci,diktát.EU,Strana svobodnıch obèanù,Blok proti islam.-Obran.domova,Obèanská demokratická aliance,Èeská pirátská strana,Unie H.A.V.E.L.,Referendum o Evropské unii,TOP 09,ANO 2011,Dobrá volba 2016,SPR-Republ.str.Èsl. M.Sládka,Køes.demokr.unie-Ès.str.lid.,Èeská strana národnì sociální,REALISTÉ,SPORTOVCI,Dìlnic.str.sociální spravedl.,Svob.a pø.dem.-T.Okamura (SPD),Strana Práv Obèanù

565288;Karlova Ves;102;78;77;Obèanská demokratická strana,Øád národa - Vlastenecká unie,CESTA ODPOVÌDNÉ SPOLEÈNOSTI,Èeská str.sociálnì demokrat.,Radostné Èesko,STAROSTOVÉ A NEZÁVISLÍ,Komunistická str.Èech a Moravy,Strana zelenıch,ROZUMNÍ-stop migraci,diktát.EU,Strana svobodnıch obèanù,Blok proti islam.-Obran.domova,Obèanská demokratická aliance,Èeská pirátská strana,Unie H.A.V.E.L.,Referendum o Evropské unii,TOP 09,ANO 2011,Dobrá volba 2016,SPR-Republ.str.Èsl. M.Sládka,Køes.demokr.unie-Ès.str.lid.,Èeská strana národnì sociální,REALISTÉ,SPORTOVCI,Dìlnic.str.sociální spravedl.,Svob.a pø.dem.-T.Okamura (SPD),Strana Práv Obèanù

541877;Knìeves;800;447;445;Obèanská demokratická strana,Øád národa - Vlastenecká unie,CESTA ODPOVÌDNÉ SPOLEÈNOSTI,Èeská str.sociálnì demokrat.,Radostné Èesko,STAROSTOVÉ A NEZÁVISLÍ,Komunistická str.Èech a Moravy,Strana zelenıch,ROZUMNÍ-stop migraci,diktát.EU,Strana svobodnıch obèanù,Blok proti islam.-Obran.domova,Obèanská demokratická aliance,Èeská pirátská strana,Unie H.A.V.E.L.,Referendum o Evropské unii,TOP 09,ANO 2011,Dobrá volba 2016,SPR-Republ.str.Èsl. M.Sládka,Køes.demokr.unie-Ès.str.lid.,Èeská strana národnì sociální,REALISTÉ,SPORTOVCI,Dìlnic.str.sociální spravedl.,Svob.a pø.dem.-T.Okamura (SPD),Strana Práv Obèanù

565199;Kolešov;111;55;52;Obèanská demokratická strana,Øád národa - Vlastenecká unie,CESTA ODPOVÌDNÉ SPOLEÈNOSTI,Èeská str.sociálnì demokrat.,Radostné Èesko,STAROSTOVÉ A NEZÁVISLÍ,Komunistická str.Èech a Moravy,Strana zelenıch,ROZUMNÍ-stop migraci,diktát.EU,Strana svobodnıch obèanù,Blok proti islam.-Obran.domova,Obèanská demokratická aliance,Èeská pirátská strana,Unie H.A.V.E.L.,Referendum o Evropské unii,TOP 09,ANO 2011,Dobrá volba 2016,SPR-Republ.str.Èsl. M.Sládka,Køes.demokr.unie-Ès.str.lid.,Èeská strana národnì sociální,REALISTÉ,SPORTOVCI,Dìlnic.str.sociální spravedl.,Svob.a pø.dem.-T.Okamura (SPD),Strana Práv Obèanù

541893;Kolešovice;686;383;381;Obèanská demokratická strana,Øád národa - Vlastenecká unie,CESTA ODPOVÌDNÉ SPOLEÈNOSTI,Èeská str.sociálnì demokrat.,Radostné Èesko,STAROSTOVÉ A NEZÁVISLÍ,Komunistická str.Èech a Moravy,Strana zelenıch,ROZUMNÍ-stop migraci,diktát.EU,Strana svobodnıch obèanù,Blok proti islam.-Obran.domova,Obèanská demokratická aliance,Èeská pirátská strana,Unie H.A.V.E.L.,Referendum o Evropské unii,TOP 09,ANO 2011,Dobrá volba 2016,SPR-Republ.str.Èsl. M.Sládka,Køes.demokr.unie-Ès.str.lid.,Èeská strana národnì sociální,REALISTÉ,SPORTOVCI,Dìlnic.str.sociální spravedl.,Svob.a pø.dem.-T.Okamura (SPD),Strana Práv Obèanù

541907;Kounov;410;191;189;Obèanská demokratická strana,Øád národa - Vlastenecká unie,CESTA ODPOVÌDNÉ SPOLEÈNOSTI,Èeská str.sociálnì demokrat.,Radostné Èesko,STAROSTOVÉ A NEZÁVISLÍ,Komunistická str.Èech a Moravy,Strana zelenıch,ROZUMNÍ-stop migraci,diktát.EU,Strana svobodnıch obèanù,Blok proti islam.-Obran.domova,Obèanská demokratická aliance,Èeská pirátská strana,Unie H.A.V.E.L.,Referendum o Evropské unii,TOP 09,ANO 2011,Dobrá volba 2016,SPR-Republ.str.Èsl. M.Sládka,Køes.demokr.unie-Ès.str.lid.,Èeská strana národnì sociální,REALISTÉ,SPORTOVCI,Dìlnic.str.sociální spravedl.,Svob.a pø.dem.-T.Okamura (SPD),Strana Práv Obèanù

565385;Kozojedy;74;61;61;Obèanská demokratická strana,Øád národa - Vlastenecká unie,CESTA ODPOVÌDNÉ SPOLEÈNOSTI,Èeská str.sociálnì demokrat.,Radostné Èesko,STAROSTOVÉ A NEZÁVISLÍ,Komunistická str.Èech a Moravy,Strana zelenıch,ROZUMNÍ-stop migraci,diktát.EU,Strana svobodnıch obèanù,Blok proti islam.-Obran.domova,Obèanská demokratická aliance,Èeská pirátská strana,Unie H.A.V.E.L.,Referendum o Evropské unii,TOP 09,ANO 2011,Dobrá volba 2016,SPR-Republ.str.Èsl. M.Sládka,Køes.demokr.unie-Ès.str.lid.,Èeská strana národnì sociální,REALISTÉ,SPORTOVCI,Dìlnic.str.sociální spravedl.,Svob.a pø.dem.-T.Okamura (SPD),Strana Práv Obèanù

565351;Krakov;101;71;71;Obèanská demokratická strana,Øád národa - Vlastenecká unie,CESTA ODPOVÌDNÉ SPOLEÈNOSTI,Èeská str.sociálnì demokrat.,Radostné Èesko,STAROSTOVÉ A NEZÁVISLÍ,Komunistická str.Èech a Moravy,Strana zelenıch,ROZUMNÍ-stop migraci,diktát.EU,Strana svobodnıch obèanù,Blok proti islam.-Obran.domova,Obèanská demokratická aliance,Èeská pirátská strana,Unie H.A.V.E.L.,Referendum o Evropské unii,TOP 09,ANO 2011,Dobrá volba 2016,SPR-Republ.str.Èsl. M.Sládka,Køes.demokr.unie-Ès.str.lid.,Èeská strana národnì sociální,REALISTÉ,SPORTOVCI,Dìlnic.str.sociální spravedl.,Svob.a pø.dem.-T.Okamura (SPD),Strana Práv Obèanù

565369;Krakovec;56;33;33;Obèanská demokratická strana,Øád národa - Vlastenecká unie,CESTA ODPOVÌDNÉ SPOLEÈNOSTI,Èeská str.sociálnì demokrat.,Radostné Èesko,STAROSTOVÉ A NEZÁVISLÍ,Komunistická str.Èech a Moravy,Strana zelenıch,ROZUMNÍ-stop migraci,diktát.EU,Strana svobodnıch obèanù,Blok proti islam.-Obran.domova,Obèanská demokratická aliance,Èeská pirátská strana,Unie H.A.V.E.L.,Referendum o Evropské unii,TOP 09,ANO 2011,Dobrá volba 2016,SPR-Republ.str.Èsl. M.Sládka,Køes.demokr.unie-Ès.str.lid.,Èeská strana národnì sociální,REALISTÉ,SPORTOVCI,Dìlnic.str.sociální spravedl.,Svob.a pø.dem.-T.Okamura (SPD),Strana Práv Obèanù

541940;Krouèová;208;137;136;Obèanská demokratická strana,Øád národa - Vlastenecká unie,CESTA ODPOVÌDNÉ SPOLEÈNOSTI,Èeská str.sociálnì demokrat.,Radostné Èesko,STAROSTOVÉ A NEZÁVISLÍ,Komunistická str.Èech a Moravy,Strana zelenıch,ROZUMNÍ-stop migraci,diktát.EU,Strana svobodnıch obèanù,Blok proti islam.-Obran.domova,Obèanská demokratická aliance,Èeská pirátská strana,Unie H.A.V.E.L.,Referendum o Evropské unii,TOP 09,ANO 2011,Dobrá volba 2016,SPR-Republ.str.Èsl. M.Sládka,Køes.demokr.unie-Ès.str.lid.,Èeská strana národnì sociální,REALISTÉ,SPORTOVCI,Dìlnic.str.sociální spravedl.,Svob.a pø.dem.-T.Okamura (SPD),Strana Práv Obèanù

598500;Krty;106;70;70;Obèanská demokratická strana,Øád národa - Vlastenecká unie,CESTA ODPOVÌDNÉ SPOLEÈNOSTI,Èeská str.sociálnì demokrat.,Radostné Èesko,STAROSTOVÉ A NEZÁVISLÍ,Komunistická str.Èech a Moravy,Strana zelenıch,ROZUMNÍ-stop migraci,diktát.EU,Strana svobodnıch obèanù,Blok proti islam.-Obran.domova,Obèanská demokratická aliance,Èeská pirátská strana,Unie H.A.V.E.L.,Referendum o Evropské unii,TOP 09,ANO 2011,Dobrá volba 2016,SPR-Republ.str.Èsl. M.Sládka,Køes.demokr.unie-Ès.str.lid.,Èeská strana národnì sociální,REALISTÉ,SPORTOVCI,Dìlnic.str.sociální spravedl.,Svob.a pø.dem.-T.Okamura (SPD),Strana Práv Obèanù

541966;Krupá;376;194;194;Obèanská demokratická strana,Øád národa - Vlastenecká unie,CESTA ODPOVÌDNÉ SPOLEÈNOSTI,Èeská str.sociálnì demokrat.,Radostné Èesko,STAROSTOVÉ A NEZÁVISLÍ,Komunistická str.Èech a Moravy,Strana zelenıch,ROZUMNÍ-stop migraci,diktát.EU,Strana svobodnıch obèanù,Blok proti islam.-Obran.domova,Obèanská demokratická aliance,Èeská pirátská strana,Unie H.A.V.E.L.,Referendum o Evropské unii,TOP 09,ANO 2011,Dobrá volba 2016,SPR-Republ.str.Èsl. M.Sládka,Køes.demokr.unie-Ès.str.lid.,Èeská strana národnì sociální,REALISTÉ,SPORTOVCI,Dìlnic.str.sociální spravedl.,Svob.a pø.dem.-T.Okamura (SPD),Strana Práv Obèanù

541974;Krušovice;485;307;306;Obèanská demokratická strana,Øád národa - Vlastenecká unie,CESTA ODPOVÌDNÉ SPOLEÈNOSTI,Èeská str.sociálnì demokrat.,Radostné Èesko,STAROSTOVÉ A NEZÁVISLÍ,Komunistická str.Èech a Moravy,Strana zelenıch,ROZUMNÍ-stop migraci,diktát.EU,Strana svobodnıch obèanù,Blok proti islam.-Obran.domova,Obèanská demokratická aliance,Èeská pirátská strana,Unie H.A.V.E.L.,Referendum o Evropské unii,TOP 09,ANO 2011,Dobrá volba 2016,SPR-Republ.str.Èsl. M.Sládka,Køes.demokr.unie-Ès.str.lid.,Èeská strana národnì sociální,REALISTÉ,SPORTOVCI,Dìlnic.str.sociální spravedl.,Svob.a pø.dem.-T.Okamura (SPD),Strana Práv Obèanù

541982;Køivoklát;594;323;321;Obèanská demokratická strana,Øád národa - Vlastenecká unie,CESTA ODPOVÌDNÉ SPOLEÈNOSTI,Èeská str.sociálnì demokrat.,Radostné Èesko,STAROSTOVÉ A NEZÁVISLÍ,Komunistická str.Èech a Moravy,Strana zelenıch,ROZUMNÍ-stop migraci,diktát.EU,Strana svobodnıch obèanù,Blok proti islam.-Obran.domova,Obèanská demokratická aliance,Èeská pirátská strana,Unie H.A.V.E.L.,Referendum o Evropské unii,TOP 09,ANO 2011,Dobrá volba 2016,SPR-Republ.str.Èsl. M.Sládka,Køes.demokr.unie-Ès.str.lid.,Èeská strana národnì sociální,REALISTÉ,SPORTOVCI,Dìlnic.str.sociální spravedl.,Svob.a pø.dem.-T.Okamura (SPD),Strana Práv Obèanù

542008;Lašovice;105;61;61;Obèanská demokratická strana,Øád národa - Vlastenecká unie,CESTA ODPOVÌDNÉ SPOLEÈNOSTI,Èeská str.sociálnì demokrat.,Radostné Èesko,STAROSTOVÉ A NEZÁVISLÍ,Komunistická str.Èech a Moravy,Strana zelenıch,ROZUMNÍ-stop migraci,diktát.EU,Strana svobodnıch obèanù,Blok proti islam.-Obran.domova,Obèanská demokratická aliance,Èeská pirátská strana,Unie H.A.V.E.L.,Referendum o Evropské unii,TOP 09,ANO 2011,Dobrá volba 2016,SPR-Republ.str.Èsl. M.Sládka,Køes.demokr.unie-Ès.str.lid.,Èeská strana národnì sociální,REALISTÉ,SPORTOVCI,Dìlnic.str.sociální spravedl.,Svob.a pø.dem.-T.Okamura (SPD),Strana Práv Obèanù

542016;Lišany;549;336;331;Obèanská demokratická strana,Øád národa - Vlastenecká unie,CESTA ODPOVÌDNÉ SPOLEÈNOSTI,Èeská str.sociálnì demokrat.,Radostné Èesko,STAROSTOVÉ A NEZÁVISLÍ,Komunistická str.Èech a Moravy,Strana zelenıch,ROZUMNÍ-stop migraci,diktát.EU,Strana svobodnıch obèanù,Blok proti islam.-Obran.domova,Obèanská demokratická aliance,Èeská pirátská strana,Unie H.A.V.E.L.,Referendum o Evropské unii,TOP 09,ANO 2011,Dobrá volba 2016,SPR-Republ.str.Èsl. M.Sládka,Køes.demokr.unie-Ès.str.lid.,Èeská strana národnì sociální,REALISTÉ,SPORTOVCI,Dìlnic.str.sociální spravedl.,Svob.a pø.dem.-T.Okamura (SPD),Strana Práv Obèanù

542032;Lubná;754;468;467;Obèanská demokratická strana,Øád národa - Vlastenecká unie,CESTA ODPOVÌDNÉ SPOLEÈNOSTI,Èeská str.sociálnì demokrat.,Radostné Èesko,STAROSTOVÉ A NEZÁVISLÍ,Komunistická str.Èech a Moravy,Strana zelenıch,ROZUMNÍ-stop migraci,diktát.EU,Strana svobodnıch obèanù,Blok proti islam.-Obran.domova,Obèanská demokratická aliance,Èeská pirátská strana,Unie H.A.V.E.L.,Referendum o Evropské unii,TOP 09,ANO 2011,Dobrá volba 2016,SPR-Republ.str.Èsl. M.Sládka,Køes.demokr.unie-Ès.str.lid.,Èeská strana národnì sociální,REALISTÉ,SPORTOVCI,Dìlnic.str.sociální spravedl.,Svob.a pø.dem.-T.Okamura (SPD),Strana Práv Obèanù

542041;Luná;1 070;637;634;Obèanská demokratická strana,Øád národa - Vlastenecká unie,CESTA ODPOVÌDNÉ SPOLEÈNOSTI,Èeská str.sociálnì demokrat.,Radostné Èesko,STAROSTOVÉ A NEZÁVISLÍ,Komunistická str.Èech a Moravy,Strana zelenıch,ROZUMNÍ-stop migraci,diktát.EU,Strana svobodnıch obèanù,Blok proti islam.-Obran.domova,Obèanská demokratická aliance,Èeská pirátská strana,Unie H.A.V.E.L.,Referendum o Evropské unii,TOP 09,ANO 2011,Dobrá volba 2016,SPR-Republ.str.Èsl. M.Sládka,Køes.demokr.unie-Ès.str.lid.,Èeská strana národnì sociální,REALISTÉ,SPORTOVCI,Dìlnic.str.sociální spravedl.,Svob.a pø.dem.-T.Okamura (SPD),Strana Práv Obèanù

542041;Luná;455;307;304;Obèanská demokratická strana,Øád národa - Vlastenecká unie,CESTA ODPOVÌDNÉ SPOLEÈNOSTI,Èeská str.sociálnì demokrat.,Radostné Èesko,STAROSTOVÉ A NEZÁVISLÍ,Komunistická str.Èech a Moravy,Strana zelenıch,ROZUMNÍ-stop migraci,diktát.EU,Strana svobodnıch obèanù,Blok proti islam.-Obran.domova,Obèanská demokratická aliance,Èeská pirátská strana,Unie H.A.V.E.L.,Referendum o Evropské unii,TOP 09,ANO 2011,Dobrá volba 2016,SPR-Republ.str.Èsl. M.Sládka,Køes.demokr.unie-Ès.str.lid.,Èeská strana národnì sociální,REALISTÉ,SPORTOVCI,Dìlnic.str.sociální spravedl.,Svob.a pø.dem.-T.Okamura (SPD),Strana Práv Obèanù

565377;Malinová;68;47;47;Obèanská demokratická strana,Øád národa - Vlastenecká unie,CESTA ODPOVÌDNÉ SPOLEÈNOSTI,Èeská str.sociálnì demokrat.,Radostné Èesko,STAROSTOVÉ A NEZÁVISLÍ,Komunistická str.Èech a Moravy,Strana zelenıch,ROZUMNÍ-stop migraci,diktát.EU,Strana svobodnıch obèanù,Blok proti islam.-Obran.domova,Obèanská demokratická aliance,Èeská pirátská strana,Unie H.A.V.E.L.,Referendum o Evropské unii,TOP 09,ANO 2011,Dobrá volba 2016,SPR-Republ.str.Èsl. M.Sládka,Køes.demokr.unie-Ès.str.lid.,Èeská strana národnì sociální,REALISTÉ,SPORTOVCI,Dìlnic.str.sociální spravedl.,Svob.a pø.dem.-T.Okamura (SPD),Strana Práv Obèanù

542067;Mìsteèko;361;226;224;Obèanská demokratická strana,Øád národa - Vlastenecká unie,CESTA ODPOVÌDNÉ SPOLEÈNOSTI,Èeská str.sociálnì demokrat.,Radostné Èesko,STAROSTOVÉ A NEZÁVISLÍ,Komunistická str.Èech a Moravy,Strana zelenıch,ROZUMNÍ-stop migraci,diktát.EU,Strana svobodnıch obèanù,Blok proti islam.-Obran.domova,Obèanská demokratická aliance,Èeská pirátská strana,Unie H.A.V.E.L.,Referendum o Evropské unii,TOP 09,ANO 2011,Dobrá volba 2016,SPR-Republ.str.Èsl. M.Sládka,Køes.demokr.unie-Ès.str.lid.,Èeská strana národnì sociální,REALISTÉ,SPORTOVCI,Dìlnic.str.sociální spravedl.,Svob.a pø.dem.-T.Okamura (SPD),Strana Práv Obèanù

542075;Milostín;242;140;140;Obèanská demokratická strana,Øád národa - Vlastenecká unie,CESTA ODPOVÌDNÉ SPOLEÈNOSTI,Èeská str.sociálnì demokrat.,Radostné Èesko,STAROSTOVÉ A NEZÁVISLÍ,Komunistická str.Èech a Moravy,Strana zelenıch,ROZUMNÍ-stop migraci,diktát.EU,Strana svobodnıch obèanù,Blok proti islam.-Obran.domova,Obèanská demokratická aliance,Èeská pirátská strana,Unie H.A.V.E.L.,Referendum o Evropské unii,TOP 09,ANO 2011,Dobrá volba 2016,SPR-Republ.str.Èsl. M.Sládka,Køes.demokr.unie-Ès.str.lid.,Èeská strana národnì sociální,REALISTÉ,SPORTOVCI,Dìlnic.str.sociální spravedl.,Svob.a pø.dem.-T.Okamura (SPD),Strana Práv Obèanù

565466;Milı;149;98;96;Obèanská demokratická strana,Øád národa - Vlastenecká unie,CESTA ODPOVÌDNÉ SPOLEÈNOSTI,Èeská str.sociálnì demokrat.,Radostné Èesko,STAROSTOVÉ A NEZÁVISLÍ,Komunistická str.Èech a Moravy,Strana zelenıch,ROZUMNÍ-stop migraci,diktát.EU,Strana svobodnıch obèanù,Blok proti islam.-Obran.domova,Obèanská demokratická aliance,Èeská pirátská strana,Unie H.A.V.E.L.,Referendum o Evropské unii,TOP 09,ANO 2011,Dobrá volba 2016,SPR-Republ.str.Èsl. M.Sládka,Køes.demokr.unie-Ès.str.lid.,Èeská strana národnì sociální,REALISTÉ,SPORTOVCI,Dìlnic.str.sociální spravedl.,Svob.a pø.dem.-T.Okamura (SPD),Strana Práv Obèanù

542105;Mšec;703;434;432;Obèanská demokratická strana,Øád národa - Vlastenecká unie,CESTA ODPOVÌDNÉ SPOLEÈNOSTI,Èeská str.sociálnì demokrat.,Radostné Èesko,STAROSTOVÉ A NEZÁVISLÍ,Komunistická str.Èech a Moravy,Strana zelenıch,ROZUMNÍ-stop migraci,diktát.EU,Strana svobodnıch obèanù,Blok proti islam.-Obran.domova,Obèanská demokratická aliance,Èeská pirátská strana,Unie H.A.V.E.L.,Referendum o Evropské unii,TOP 09,ANO 2011,Dobrá volba 2016,SPR-Republ.str.Èsl. M.Sládka,Køes.demokr.unie-Ès.str.lid.,Èeská strana národnì sociální,REALISTÉ,SPORTOVCI,Dìlnic.str.sociální spravedl.,Svob.a pø.dem.-T.Okamura (SPD),Strana Práv Obèanù

542113;Mšecké ehrovice;341;204;204;Obèanská demokratická strana,Øád národa - Vlastenecká unie,CESTA ODPOVÌDNÉ SPOLEÈNOSTI,Èeská str.sociálnì demokrat.,Radostné Èesko,STAROSTOVÉ A NEZÁVISLÍ,Komunistická str.Èech a Moravy,Strana zelenıch,ROZUMNÍ-stop migraci,diktát.EU,Strana svobodnıch obèanù,Blok proti islam.-Obran.domova,Obèanská demokratická aliance,Èeská pirátská strana,Unie H.A.V.E.L.,Referendum o Evropské unii,TOP 09,ANO 2011,Dobrá volba 2016,SPR-Republ.str.Èsl. M.Sládka,Køes.demokr.unie-Ès.str.lid.,Èeská strana národnì sociální,REALISTÉ,SPORTOVCI,Dìlnic.str.sociální spravedl.,Svob.a pø.dem.-T.Okamura (SPD),Strana Práv Obèanù

542113;Mšecké ehrovice;115;87;83;Obèanská demokratická strana,Øád národa - Vlastenecká unie,CESTA ODPOVÌDNÉ SPOLEÈNOSTI,Èeská str.sociálnì demokrat.,Radostné Èesko,STAROSTOVÉ A NEZÁVISLÍ,Komunistická str.Èech a Moravy,Strana zelenıch,ROZUMNÍ-stop migraci,diktát.EU,Strana svobodnıch obèanù,Blok proti islam.-Obran.domova,Obèanská demokratická aliance,Èeská pirátská strana,Unie H.A.V.E.L.,Referendum o Evropské unii,TOP 09,ANO 2011,Dobrá volba 2016,SPR-Republ.str.Èsl. M.Sládka,Køes.demokr.unie-Ès.str.lid.,Èeská strana národnì sociální,REALISTÉ,SPORTOVCI,Dìlnic.str.sociální spravedl.,Svob.a pø.dem.-T.Okamura (SPD),Strana Práv Obèanù

542121;Mutìjovice;584;301;301;Obèanská demokratická strana,Øád národa - Vlastenecká unie,CESTA ODPOVÌDNÉ SPOLEÈNOSTI,Èeská str.sociálnì demokrat.,Radostné Èesko,STAROSTOVÉ A NEZÁVISLÍ,Komunistická str.Èech a Moravy,Strana zelenıch,ROZUMNÍ-stop migraci,diktát.EU,Strana svobodnıch obèanù,Blok proti islam.-Obran.domova,Obèanská demokratická aliance,Èeská pirátská strana,Unie H.A.V.E.L.,Referendum o Evropské unii,TOP 09,ANO 2011,Dobrá volba 2016,SPR-Republ.str.Èsl. M.Sládka,Køes.demokr.unie-Ès.str.lid.,Èeská strana národnì sociální,REALISTÉ,SPORTOVCI,Dìlnic.str.sociální spravedl.,Svob.a pø.dem.-T.Okamura (SPD),Strana Práv Obèanù

542121;Mutìjovice;64;35;35;Obèanská demokratická strana,Øád národa - Vlastenecká unie,CESTA ODPOVÌDNÉ SPOLEÈNOSTI,Èeská str.sociálnì demokrat.,Radostné Èesko,STAROSTOVÉ A NEZÁVISLÍ,Komunistická str.Èech a Moravy,Strana zelenıch,ROZUMNÍ-stop migraci,diktát.EU,Strana svobodnıch obèanù,Blok proti islam.-Obran.domova,Obèanská demokratická aliance,Èeská pirátská strana,Unie H.A.V.E.L.,Referendum o Evropské unii,TOP 09,ANO 2011,Dobrá volba 2016,SPR-Republ.str.Èsl. M.Sládka,Køes.demokr.unie-Ès.str.lid.,Èeská strana národnì sociální,REALISTÉ,SPORTOVCI,Dìlnic.str.sociální spravedl.,Svob.a pø.dem.-T.Okamura (SPD),Strana Práv Obèanù

542130;Nesuchynì;324;186;186;Obèanská demokratická strana,Øád národa - Vlastenecká unie,CESTA ODPOVÌDNÉ SPOLEÈNOSTI,Èeská str.sociálnì demokrat.,Radostné Èesko,STAROSTOVÉ A NEZÁVISLÍ,Komunistická str.Èech a Moravy,Strana zelenıch,ROZUMNÍ-stop migraci,diktát.EU,Strana svobodnıch obèanù,Blok proti islam.-Obran.domova,Obèanská demokratická aliance,Èeská pirátská strana,Unie H.A.V.E.L.,Referendum o Evropské unii,TOP 09,ANO 2011,Dobrá volba 2016,SPR-Republ.str.Èsl. M.Sládka,Køes.demokr.unie-Ès.str.lid.,Èeská strana národnì sociální,REALISTÉ,SPORTOVCI,Dìlnic.str.sociální spravedl.,Svob.a pø.dem.-T.Okamura (SPD),Strana Práv Obèanù

598585;Nezabudice;69;48;50;Obèanská demokratická strana,Øád národa - Vlastenecká unie,CESTA ODPOVÌDNÉ SPOLEÈNOSTI,Èeská str.sociálnì demokrat.,Radostné Èesko,STAROSTOVÉ A NEZÁVISLÍ,Komunistická str.Èech a Moravy,Strana zelenıch,ROZUMNÍ-stop migraci,diktát.EU,Strana svobodnıch obèanù,Blok proti islam.-Obran.domova,Obèanská demokratická aliance,Èeská pirátská strana,Unie H.A.V.E.L.,Referendum o Evropské unii,TOP 09,ANO 2011,Dobrá volba 2016,SPR-Republ.str.Èsl. M.Sládka,Køes.demokr.unie-Ès.str.lid.,Èeská strana národnì sociální,REALISTÉ,SPORTOVCI,Dìlnic.str.sociální spravedl.,Svob.a pø.dem.-T.Okamura (SPD),Strana Práv Obèanù

542164;Nové Strašecí;1 304;942;939;Obèanská demokratická strana,Øád národa - Vlastenecká unie,CESTA ODPOVÌDNÉ SPOLEÈNOSTI,Èeská str.sociálnì demokrat.,Radostné Èesko,STAROSTOVÉ A NEZÁVISLÍ,Komunistická str.Èech a Moravy,Strana zelenıch,ROZUMNÍ-stop migraci,diktát.EU,Strana svobodnıch obèanù,Blok proti islam.-Obran.domova,Obèanská demokratická aliance,Èeská pirátská strana,Unie H.A.V.E.L.,Referendum o Evropské unii,TOP 09,ANO 2011,Dobrá volba 2016,SPR-Republ.str.Èsl. M.Sládka,Køes.demokr.unie-Ès.str.lid.,Èeská strana národnì sociální,REALISTÉ,SPORTOVCI,Dìlnic.str.sociální spravedl.,Svob.a pø.dem.-T.Okamura (SPD),Strana Práv Obèanù

542164;Nové Strašecí;1 045;585;581;Obèanská demokratická strana,Øád národa - Vlastenecká unie,CESTA ODPOVÌDNÉ SPOLEÈNOSTI,Èeská str.sociálnì demokrat.,Radostné Èesko,STAROSTOVÉ A NEZÁVISLÍ,Komunistická str.Èech a Moravy,Strana zelenıch,ROZUMNÍ-stop migraci,diktát.EU,Strana svobodnıch obèanù,Blok proti islam.-Obran.domova,Obèanská demokratická aliance,Èeská pirátská strana,Unie H.A.V.E.L.,Referendum o Evropské unii,TOP 09,ANO 2011,Dobrá volba 2016,SPR-Republ.str.Èsl. M.Sládka,Køes.demokr.unie-Ès.str.lid.,Èeská strana národnì sociální,REALISTÉ,SPORTOVCI,Dìlnic.str.sociální spravedl.,Svob.a pø.dem.-T.Okamura (SPD),Strana Práv Obèanù

542164;Nové Strašecí;1 084;607;598;Obèanská demokratická strana,Øád národa - Vlastenecká unie,CESTA ODPOVÌDNÉ SPOLEÈNOSTI,Èeská str.sociálnì demokrat.,Radostné Èesko,STAROSTOVÉ A NEZÁVISLÍ,Komunistická str.Èech a Moravy,Strana zelenıch,ROZUMNÍ-stop migraci,diktát.EU,Strana svobodnıch obèanù,Blok proti islam.-Obran.domova,Obèanská demokratická aliance,Èeská pirátská strana,Unie H.A.V.E.L.,Referendum o Evropské unii,TOP 09,ANO 2011,Dobrá volba 2016,SPR-Republ.str.Èsl. M.Sládka,Køes.demokr.unie-Ès.str.lid.,Èeská strana národnì sociální,REALISTÉ,SPORTOVCI,Dìlnic.str.sociální spravedl.,Svob.a pø.dem.-T.Okamura (SPD),Strana Práv Obèanù

542164;Nové Strašecí;883;562;557;Obèanská demokratická strana,Øád národa - Vlastenecká unie,CESTA ODPOVÌDNÉ SPOLEÈNOSTI,Èeská str.sociálnì demokrat.,Radostné Èesko,STAROSTOVÉ A NEZÁVISLÍ,Komunistická str.Èech a Moravy,Strana zelenıch,ROZUMNÍ-stop migraci,diktát.EU,Strana svobodnıch obèanù,Blok proti islam.-Obran.domova,Obèanská demokratická aliance,Èeská pirátská strana,Unie H.A.V.E.L.,Referendum o Evropské unii,TOP 09,ANO 2011,Dobrá volba 2016,SPR-Republ.str.Èsl. M.Sládka,Køes.demokr.unie-Ès.str.lid.,Èeská strana národnì sociální,REALISTÉ,SPORTOVCI,Dìlnic.str.sociální spravedl.,Svob.a pø.dem.-T.Okamura (SPD),Strana Práv Obèanù

542181;Novı Dùm;121;85;84;Obèanská demokratická strana,Øád národa - Vlastenecká unie,CESTA ODPOVÌDNÉ SPOLEÈNOSTI,Èeská str.sociálnì demokrat.,Radostné Èesko,STAROSTOVÉ A NEZÁVISLÍ,Komunistická str.Èech a Moravy,Strana zelenıch,ROZUMNÍ-stop migraci,diktát.EU,Strana svobodnıch obèanù,Blok proti islam.-Obran.domova,Obèanská demokratická aliance,Èeská pirátská strana,Unie H.A.V.E.L.,Referendum o Evropské unii,TOP 09,ANO 2011,Dobrá volba 2016,SPR-Republ.str.Èsl. M.Sládka,Køes.demokr.unie-Ès.str.lid.,Èeská strana národnì sociální,REALISTÉ,SPORTOVCI,Dìlnic.str.sociální spravedl.,Svob.a pø.dem.-T.Okamura (SPD),Strana Práv Obèanù

542199;Olešná;480;329;327;Obèanská demokratická strana,Øád národa - Vlastenecká unie,CESTA ODPOVÌDNÉ SPOLEÈNOSTI,Èeská str.sociálnì demokrat.,Radostné Èesko,STAROSTOVÉ A NEZÁVISLÍ,Komunistická str.Èech a Moravy,Strana zelenıch,ROZUMNÍ-stop migraci,diktát.EU,Strana svobodnıch obèanù,Blok proti islam.-Obran.domova,Obèanská demokratická aliance,Èeská pirátská strana,Unie H.A.V.E.L.,Referendum o Evropské unii,TOP 09,ANO 2011,Dobrá volba 2016,SPR-Republ.str.Èsl. M.Sládka,Køes.demokr.unie-Ès.str.lid.,Èeská strana národnì sociální,REALISTÉ,SPORTOVCI,Dìlnic.str.sociální spravedl.,Svob.a pø.dem.-T.Okamura (SPD),Strana Práv Obèanù

542202;Oráèov;435;319;315;Obèanská demokratická strana,Øád národa - Vlastenecká unie,CESTA ODPOVÌDNÉ SPOLEÈNOSTI,Èeská str.sociálnì demokrat.,Radostné Èesko,STAROSTOVÉ A NEZÁVISLÍ,Komunistická str.Èech a Moravy,Strana zelenıch,ROZUMNÍ-stop migraci,diktát.EU,Strana svobodnıch obèanù,Blok proti islam.-Obran.domova,Obèanská demokratická aliance,Èeská pirátská strana,Unie H.A.V.E.L.,Referendum o Evropské unii,TOP 09,ANO 2011,Dobrá volba 2016,SPR-Republ.str.Èsl. M.Sládka,Køes.demokr.unie-Ès.str.lid.,Èeská strana národnì sociální,REALISTÉ,SPORTOVCI,Dìlnic.str.sociální spravedl.,Svob.a pø.dem.-T.Okamura (SPD),Strana Práv Obèanù

542211;Panoší Újezd;235;160;159;Obèanská demokratická strana,Øád národa - Vlastenecká unie,CESTA ODPOVÌDNÉ SPOLEÈNOSTI,Èeská str.sociálnì demokrat.,Radostné Èesko,STAROSTOVÉ A NEZÁVISLÍ,Komunistická str.Èech a Moravy,Strana zelenıch,ROZUMNÍ-stop migraci,diktát.EU,Strana svobodnıch obèanù,Blok proti islam.-Obran.domova,Obèanská demokratická aliance,Èeská pirátská strana,Unie H.A.V.E.L.,Referendum o Evropské unii,TOP 09,ANO 2011,Dobrá volba 2016,SPR-Republ.str.Èsl. M.Sládka,Køes.demokr.unie-Ès.str.lid.,Èeská strana národnì sociální,REALISTÉ,SPORTOVCI,Dìlnic.str.sociální spravedl.,Svob.a pø.dem.-T.Okamura (SPD),Strana Práv Obèanù

544248;Pavlíkov;545;332;332;Obèanská demokratická strana,Øád národa - Vlastenecká unie,CESTA ODPOVÌDNÉ SPOLEÈNOSTI,Èeská str.sociálnì demokrat.,Radostné Èesko,STAROSTOVÉ A NEZÁVISLÍ,Komunistická str.Èech a Moravy,Strana zelenıch,ROZUMNÍ-stop migraci,diktát.EU,Strana svobodnıch obèanù,Blok proti islam.-Obran.domova,Obèanská demokratická aliance,Èeská pirátská strana,Unie H.A.V.E.L.,Referendum o Evropské unii,TOP 09,ANO 2011,Dobrá volba 2016,SPR-Republ.str.Èsl. M.Sládka,Køes.demokr.unie-Ès.str.lid.,Èeská strana národnì sociální,REALISTÉ,SPORTOVCI,Dìlnic.str.sociální spravedl.,Svob.a pø.dem.-T.Okamura (SPD),Strana Práv Obèanù

544248;Pavlíkov;106;72;73;Obèanská demokratická strana,Øád národa - Vlastenecká unie,CESTA ODPOVÌDNÉ SPOLEÈNOSTI,Èeská str.sociálnì demokrat.,Radostné Èesko,STAROSTOVÉ A NEZÁVISLÍ,Komunistická str.Èech a Moravy,Strana zelenıch,ROZUMNÍ-stop migraci,diktát.EU,Strana svobodnıch obèanù,Blok proti islam.-Obran.domova,Obèanská demokratická aliance,Èeská pirátská strana,Unie H.A.V.E.L.,Referendum o Evropské unii,TOP 09,ANO 2011,Dobrá volba 2016,SPR-Republ.str.Èsl. M.Sládka,Køes.demokr.unie-Ès.str.lid.,Èeská strana národnì sociální,REALISTÉ,SPORTOVCI,Dìlnic.str.sociální spravedl.,Svob.a pø.dem.-T.Okamura (SPD),Strana Práv Obèanù

544248;Pavlíkov;43;34;34;Obèanská demokratická strana,Øád národa - Vlastenecká unie,CESTA ODPOVÌDNÉ SPOLEÈNOSTI,Èeská str.sociálnì demokrat.,Radostné Èesko,STAROSTOVÉ A NEZÁVISLÍ,Komunistická str.Èech a Moravy,Strana zelenıch,ROZUMNÍ-stop migraci,diktát.EU,Strana svobodnıch obèanù,Blok proti islam.-Obran.domova,Obèanská demokratická aliance,Èeská pirátská strana,Unie H.A.V.E.L.,Referendum o Evropské unii,TOP 09,ANO 2011,Dobrá volba 2016,SPR-Republ.str.Èsl. M.Sládka,Køes.demokr.unie-Ès.str.lid.,Èeská strana národnì sociální,REALISTÉ,SPORTOVCI,Dìlnic.str.sociální spravedl.,Svob.a pø.dem.-T.Okamura (SPD),Strana Práv Obèanù

544248;Pavlíkov;169;107;104;Obèanská demokratická strana,Øád národa - Vlastenecká unie,CESTA ODPOVÌDNÉ SPOLEÈNOSTI,Èeská str.sociálnì demokrat.,Radostné Èesko,STAROSTOVÉ A NEZÁVISLÍ,Komunistická str.Èech a Moravy,Strana zelenıch,ROZUMNÍ-stop migraci,diktát.EU,Strana svobodnıch obèanù,Blok proti islam.-Obran.domova,Obèanská demokratická aliance,Èeská pirátská strana,Unie H.A.V.E.L.,Referendum o Evropské unii,TOP 09,ANO 2011,Dobrá volba 2016,SPR-Republ.str.Èsl. M.Sládka,Køes.demokr.unie-Ès.str.lid.,Èeská strana národnì sociální,REALISTÉ,SPORTOVCI,Dìlnic.str.sociální spravedl.,Svob.a pø.dem.-T.Okamura (SPD),Strana Práv Obèanù

542229;Petrovice;234;136;136;Obèanská demokratická strana,Øád národa - Vlastenecká unie,CESTA ODPOVÌDNÉ SPOLEÈNOSTI,Èeská str.sociálnì demokrat.,Radostné Èesko,STAROSTOVÉ A NEZÁVISLÍ,Komunistická str.Èech a Moravy,Strana zelenıch,ROZUMNÍ-stop migraci,diktát.EU,Strana svobodnıch obèanù,Blok proti islam.-Obran.domova,Obèanská demokratická aliance,Èeská pirátská strana,Unie H.A.V.E.L.,Referendum o Evropské unii,TOP 09,ANO 2011,Dobrá volba 2016,SPR-Republ.str.Èsl. M.Sládka,Køes.demokr.unie-Ès.str.lid.,Èeská strana národnì sociální,REALISTÉ,SPORTOVCI,Dìlnic.str.sociální spravedl.,Svob.a pø.dem.-T.Okamura (SPD),Strana Práv Obèanù

542237;Pochvalov;220;139;139;Obèanská demokratická strana,Øád národa - Vlastenecká unie,CESTA ODPOVÌDNÉ SPOLEÈNOSTI,Èeská str.sociálnì demokrat.,Radostné Èesko,STAROSTOVÉ A NEZÁVISLÍ,Komunistická str.Èech a Moravy,Strana zelenıch,ROZUMNÍ-stop migraci,diktát.EU,Strana svobodnıch obèanù,Blok proti islam.-Obran.domova,Obèanská demokratická aliance,Èeská pirátská strana,Unie H.A.V.E.L.,Referendum o Evropské unii,TOP 09,ANO 2011,Dobrá volba 2016,SPR-Republ.str.Èsl. M.Sládka,Køes.demokr.unie-Ès.str.lid.,Èeská strana národnì sociální,REALISTÉ,SPORTOVCI,Dìlnic.str.sociální spravedl.,Svob.a pø.dem.-T.Okamura (SPD),Strana Práv Obèanù

598577;Pøerubenice;60;44;44;Obèanská demokratická strana,Øád národa - Vlastenecká unie,CESTA ODPOVÌDNÉ SPOLEÈNOSTI,Èeská str.sociálnì demokrat.,Radostné Èesko,STAROSTOVÉ A NEZÁVISLÍ,Komunistická str.Èech a Moravy,Strana zelenıch,ROZUMNÍ-stop migraci,diktát.EU,Strana svobodnıch obèanù,Blok proti islam.-Obran.domova,Obèanská demokratická aliance,Èeská pirátská strana,Unie H.A.V.E.L.,Referendum o Evropské unii,TOP 09,ANO 2011,Dobrá volba 2016,SPR-Republ.str.Èsl. M.Sládka,Køes.demokr.unie-Ès.str.lid.,Èeská strana národnì sociální,REALISTÉ,SPORTOVCI,Dìlnic.str.sociální spravedl.,Svob.a pø.dem.-T.Okamura (SPD),Strana Práv Obèanù

542253;Pøíèina;159;100;99;Obèanská demokratická strana,Øád národa - Vlastenecká unie,CESTA ODPOVÌDNÉ SPOLEÈNOSTI,Èeská str.sociálnì demokrat.,Radostné Èesko,STAROSTOVÉ A NEZÁVISLÍ,Komunistická str.Èech a Moravy,Strana zelenıch,ROZUMNÍ-stop migraci,diktát.EU,Strana svobodnıch obèanù,Blok proti islam.-Obran.domova,Obèanská demokratická aliance,Èeská pirátská strana,Unie H.A.V.E.L.,Referendum o Evropské unii,TOP 09,ANO 2011,Dobrá volba 2016,SPR-Republ.str.Èsl. M.Sládka,Køes.demokr.unie-Ès.str.lid.,Èeská strana národnì sociální,REALISTÉ,SPORTOVCI,Dìlnic.str.sociální spravedl.,Svob.a pø.dem.-T.Okamura (SPD),Strana Práv Obèanù

565261;Pøílepy;156;92;92;Obèanská demokratická strana,Øád národa - Vlastenecká unie,CESTA ODPOVÌDNÉ SPOLEÈNOSTI,Èeská str.sociálnì demokrat.,Radostné Èesko,STAROSTOVÉ A NEZÁVISLÍ,Komunistická str.Èech a Moravy,Strana zelenıch,ROZUMNÍ-stop migraci,diktát.EU,Strana svobodnıch obèanù,Blok proti islam.-Obran.domova,Obèanská demokratická aliance,Èeská pirátská strana,Unie H.A.V.E.L.,Referendum o Evropské unii,TOP 09,ANO 2011,Dobrá volba 2016,SPR-Republ.str.Èsl. M.Sládka,Køes.demokr.unie-Ès.str.lid.,Èeská strana národnì sociální,REALISTÉ,SPORTOVCI,Dìlnic.str.sociální spravedl.,Svob.a pø.dem.-T.Okamura (SPD),Strana Práv Obèanù

542270;Pšovlky;228;152;152;Obèanská demokratická strana,Øád národa - Vlastenecká unie,CESTA ODPOVÌDNÉ SPOLEÈNOSTI,Èeská str.sociálnì demokrat.,Radostné Èesko,STAROSTOVÉ A NEZÁVISLÍ,Komunistická str.Èech a Moravy,Strana zelenıch,ROZUMNÍ-stop migraci,diktát.EU,Strana svobodnıch obèanù,Blok proti islam.-Obran.domova,Obèanská demokratická aliance,Èeská pirátská strana,Unie H.A.V.E.L.,Referendum o Evropské unii,TOP 09,ANO 2011,Dobrá volba 2016,SPR-Republ.str.Èsl. M.Sládka,Køes.demokr.unie-Ès.str.lid.,Èeská strana národnì sociální,REALISTÉ,SPORTOVCI,Dìlnic.str.sociální spravedl.,Svob.a pø.dem.-T.Okamura (SPD),Strana Práv Obèanù

542288;Pustovìty;109;72;72;Obèanská demokratická strana,Øád národa - Vlastenecká unie,CESTA ODPOVÌDNÉ SPOLEÈNOSTI,Èeská str.sociálnì demokrat.,Radostné Èesko,STAROSTOVÉ A NEZÁVISLÍ,Komunistická str.Èech a Moravy,Strana zelenıch,ROZUMNÍ-stop migraci,diktát.EU,Strana svobodnıch obèanù,Blok proti islam.-Obran.domova,Obèanská demokratická aliance,Èeská pirátská strana,Unie H.A.V.E.L.,Referendum o Evropské unii,TOP 09,ANO 2011,Dobrá volba 2016,SPR-Republ.str.Èsl. M.Sládka,Køes.demokr.unie-Ès.str.lid.,Èeská strana národnì sociální,REALISTÉ,SPORTOVCI,Dìlnic.str.sociální spravedl.,Svob.a pø.dem.-T.Okamura (SPD),Strana Práv Obèanù

599760;Raèice;131;100;100;Obèanská demokratická strana,Øád národa - Vlastenecká unie,CESTA ODPOVÌDNÉ SPOLEÈNOSTI,Èeská str.sociálnì demokrat.,Radostné Èesko,STAROSTOVÉ A NEZÁVISLÍ,Komunistická str.Èech a Moravy,Strana zelenıch,ROZUMNÍ-stop migraci,diktát.EU,Strana svobodnıch obèanù,Blok proti islam.-Obran.domova,Obèanská demokratická aliance,Èeská pirátská strana,Unie H.A.V.E.L.,Referendum o Evropské unii,TOP 09,ANO 2011,Dobrá volba 2016,SPR-Republ.str.Èsl. M.Sládka,Køes.demokr.unie-Ès.str.lid.,Èeská strana národnì sociální,REALISTÉ,SPORTOVCI,Dìlnic.str.sociální spravedl.,Svob.a pø.dem.-T.Okamura (SPD),Strana Práv Obèanù

541656;Rakovník;922;545;544;Obèanská demokratická strana,Øád národa - Vlastenecká unie,CESTA ODPOVÌDNÉ SPOLEÈNOSTI,Èeská str.sociálnì demokrat.,Radostné Èesko,STAROSTOVÉ A NEZÁVISLÍ,Komunistická str.Èech a Moravy,Strana zelenıch,ROZUMNÍ-stop migraci,diktát.EU,Strana svobodnıch obèanù,Blok proti islam.-Obran.domova,Obèanská demokratická aliance,Èeská pirátská strana,Unie H.A.V.E.L.,Referendum o Evropské unii,TOP 09,ANO 2011,Dobrá volba 2016,SPR-Republ.str.Èsl. M.Sládka,Køes.demokr.unie-Ès.str.lid.,Èeská strana národnì sociální,REALISTÉ,SPORTOVCI,Dìlnic.str.sociální spravedl.,Svob.a pø.dem.-T.Okamura (SPD),Strana Práv Obèanù

541656;Rakovník;711;426;426;Obèanská demokratická strana,Øád národa - Vlastenecká unie,CESTA ODPOVÌDNÉ SPOLEÈNOSTI,Èeská str.sociálnì demokrat.,Radostné Èesko,STAROSTOVÉ A NEZÁVISLÍ,Komunistická str.Èech a Moravy,Strana zelenıch,ROZUMNÍ-stop migraci,diktát.EU,Strana svobodnıch obèanù,Blok proti islam.-Obran.domova,Obèanská demokratická aliance,Èeská pirátská strana,Unie H.A.V.E.L.,Referendum o Evropské unii,TOP 09,ANO 2011,Dobrá volba 2016,SPR-Republ.str.Èsl. M.Sládka,Køes.demokr.unie-Ès.str.lid.,Èeská strana národnì sociální,REALISTÉ,SPORTOVCI,Dìlnic.str.sociální spravedl.,Svob.a pø.dem.-T.Okamura (SPD),Strana Práv Obèanù

541656;Rakovník;875;604;601;Obèanská demokratická strana,Øád národa - Vlastenecká unie,CESTA ODPOVÌDNÉ SPOLEÈNOSTI,Èeská str.sociálnì demokrat.,Radostné Èesko,STAROSTOVÉ A NEZÁVISLÍ,Komunistická str.Èech a Moravy,Strana zelenıch,ROZUMNÍ-stop migraci,diktát.EU,Strana svobodnıch obèanù,Blok proti islam.-Obran.domova,Obèanská demokratická aliance,Èeská pirátská strana,Unie H.A.V.E.L.,Referendum o Evropské unii,TOP 09,ANO 2011,Dobrá volba 2016,SPR-Republ.str.Èsl. M.Sládka,Køes.demokr.unie-Ès.str.lid.,Èeská strana národnì sociální,REALISTÉ,SPORTOVCI,Dìlnic.str.sociální spravedl.,Svob.a pø.dem.-T.Okamura (SPD),Strana Práv Obèanù

541656;Rakovník;700;409;407;Obèanská demokratická strana,Øád národa - Vlastenecká unie,CESTA ODPOVÌDNÉ SPOLEÈNOSTI,Èeská str.sociálnì demokrat.,Radostné Èesko,STAROSTOVÉ A NEZÁVISLÍ,Komunistická str.Èech a Moravy,Strana zelenıch,ROZUMNÍ-stop migraci,diktát.EU,Strana svobodnıch obèanù,Blok proti islam.-Obran.domova,Obèanská demokratická aliance,Èeská pirátská strana,Unie H.A.V.E.L.,Referendum o Evropské unii,TOP 09,ANO 2011,Dobrá volba 2016,SPR-Republ.str.Èsl. M.Sládka,Køes.demokr.unie-Ès.str.lid.,Èeská strana národnì sociální,REALISTÉ,SPORTOVCI,Dìlnic.str.sociální spravedl.,Svob.a pø.dem.-T.Okamura (SPD),Strana Práv Obèanù

541656;Rakovník;654;396;392;Obèanská demokratická strana,Øád národa - Vlastenecká unie,CESTA ODPOVÌDNÉ SPOLEÈNOSTI,Èeská str.sociálnì demokrat.,Radostné Èesko,STAROSTOVÉ A NEZÁVISLÍ,Komunistická str.Èech a Moravy,Strana zelenıch,ROZUMNÍ-stop migraci,diktát.EU,Strana svobodnıch obèanù,Blok proti islam.-Obran.domova,Obèanská demokratická aliance,Èeská pirátská strana,Unie H.A.V.E.L.,Referendum o Evropské unii,TOP 09,ANO 2011,Dobrá volba 2016,SPR-Republ.str.Èsl. M.Sládka,Køes.demokr.unie-Ès.str.lid.,Èeská strana národnì sociální,REALISTÉ,SPORTOVCI,Dìlnic.str.sociální spravedl.,Svob.a pø.dem.-T.Okamura (SPD),Strana Práv Obèanù

541656;Rakovník;576;340;337;Obèanská demokratická strana,Øád národa - Vlastenecká unie,CESTA ODPOVÌDNÉ SPOLEÈNOSTI,Èeská str.sociálnì demokrat.,Radostné Èesko,STAROSTOVÉ A NEZÁVISLÍ,Komunistická str.Èech a Moravy,Strana zelenıch,ROZUMNÍ-stop migraci,diktát.EU,Strana svobodnıch obèanù,Blok proti islam.-Obran.domova,Obèanská demokratická aliance,Èeská pirátská strana,Unie H.A.V.E.L.,Referendum o Evropské unii,TOP 09,ANO 2011,Dobrá volba 2016,SPR-Republ.str.Èsl. M.Sládka,Køes.demokr.unie-Ès.str.lid.,Èeská strana národnì sociální,REALISTÉ,SPORTOVCI,Dìlnic.str.sociální spravedl.,Svob.a pø.dem.-T.Okamura (SPD),Strana Práv Obèanù

541656;Rakovník;1 118;438;436;Obèanská demokratická strana,Øád národa - Vlastenecká unie,CESTA ODPOVÌDNÉ SPOLEÈNOSTI,Èeská str.sociálnì demokrat.,Radostné Èesko,STAROSTOVÉ A NEZÁVISLÍ,Komunistická str.Èech a Moravy,Strana zelenıch,ROZUMNÍ-stop migraci,diktát.EU,Strana svobodnıch obèanù,Blok proti islam.-Obran.domova,Obèanská demokratická aliance,Èeská pirátská strana,Unie H.A.V.E.L.,Referendum o Evropské unii,TOP 09,ANO 2011,Dobrá volba 2016,SPR-Republ.str.Èsl. M.Sládka,Køes.demokr.unie-Ès.str.lid.,Èeská strana národnì sociální,REALISTÉ,SPORTOVCI,Dìlnic.str.sociální spravedl.,Svob.a pø.dem.-T.Okamura (SPD),Strana Práv Obèanù

541656;Rakovník;438;251;250;Obèanská demokratická strana,Øád národa - Vlastenecká unie,CESTA ODPOVÌDNÉ SPOLEÈNOSTI,Èeská str.sociálnì demokrat.,Radostné Èesko,STAROSTOVÉ A NEZÁVISLÍ,Komunistická str.Èech a Moravy,Strana zelenıch,ROZUMNÍ-stop migraci,diktát.EU,Strana svobodnıch obèanù,Blok proti islam.-Obran.domova,Obèanská demokratická aliance,Èeská pirátská strana,Unie H.A.V.E.L.,Referendum o Evropské unii,TOP 09,ANO 2011,Dobrá volba 2016,SPR-Republ.str.Èsl. M.Sládka,Køes.demokr.unie-Ès.str.lid.,Èeská strana národnì sociální,REALISTÉ,SPORTOVCI,Dìlnic.str.sociální spravedl.,Svob.a pø.dem.-T.Okamura (SPD),Strana Práv Obèanù

541656;Rakovník;778;496;495;Obèanská demokratická strana,Øád národa - Vlastenecká unie,CESTA ODPOVÌDNÉ SPOLEÈNOSTI,Èeská str.sociálnì demokrat.,Radostné Èesko,STAROSTOVÉ A NEZÁVISLÍ,Komunistická str.Èech a Moravy,Strana zelenıch,ROZUMNÍ-stop migraci,diktát.EU,Strana svobodnıch obèanù,Blok proti islam.-Obran.domova,Obèanská demokratická aliance,Èeská pirátská strana,Unie H.A.V.E.L.,Referendum o Evropské unii,TOP 09,ANO 2011,Dobrá volba 2016,SPR-Republ.str.Èsl. M.Sládka,Køes.demokr.unie-Ès.str.lid.,Èeská strana národnì sociální,REALISTÉ,SPORTOVCI,Dìlnic.str.sociální spravedl.,Svob.a pø.dem.-T.Okamura (SPD),Strana Práv Obèanù

541656;Rakovník;534;304;304;Obèanská demokratická strana,Øád národa - Vlastenecká unie,CESTA ODPOVÌDNÉ SPOLEÈNOSTI,Èeská str.sociálnì demokrat.,Radostné Èesko,STAROSTOVÉ A NEZÁVISLÍ,Komunistická str.Èech a Moravy,Strana zelenıch,ROZUMNÍ-stop migraci,diktát.EU,Strana svobodnıch obèanù,Blok proti islam.-Obran.domova,Obèanská demokratická aliance,Èeská pirátská strana,Unie H.A.V.E.L.,Referendum o Evropské unii,TOP 09,ANO 2011,Dobrá volba 2016,SPR-Republ.str.Èsl. M.Sládka,Køes.demokr.unie-Ès.str.lid.,Èeská strana národnì sociální,REALISTÉ,SPORTOVCI,Dìlnic.str.sociální spravedl.,Svob.a pø.dem.-T.Okamura (SPD),Strana Práv Obèanù

541656;Rakovník;804;544;540;Obèanská demokratická strana,Øád národa - Vlastenecká unie,CESTA ODPOVÌDNÉ SPOLEÈNOSTI,Èeská str.sociálnì demokrat.,Radostné Èesko,STAROSTOVÉ A NEZÁVISLÍ,Komunistická str.Èech a Moravy,Strana zelenıch,ROZUMNÍ-stop migraci,diktát.EU,Strana svobodnıch obèanù,Blok proti islam.-Obran.domova,Obèanská demokratická aliance,Èeská pirátská strana,Unie H.A.V.E.L.,Referendum o Evropské unii,TOP 09,ANO 2011,Dobrá volba 2016,SPR-Republ.str.Èsl. M.Sládka,Køes.demokr.unie-Ès.str.lid.,Èeská strana národnì sociální,REALISTÉ,SPORTOVCI,Dìlnic.str.sociální spravedl.,Svob.a pø.dem.-T.Okamura (SPD),Strana Práv Obèanù

541656;Rakovník;657;439;436;Obèanská demokratická strana,Øád národa - Vlastenecká unie,CESTA ODPOVÌDNÉ SPOLEÈNOSTI,Èeská str.sociálnì demokrat.,Radostné Èesko,STAROSTOVÉ A NEZÁVISLÍ,Komunistická str.Èech a Moravy,Strana zelenıch,ROZUMNÍ-stop migraci,diktát.EU,Strana svobodnıch obèanù,Blok proti islam.-Obran.domova,Obèanská demokratická aliance,Èeská pirátská strana,Unie H.A.V.E.L.,Referendum o Evropské unii,TOP 09,ANO 2011,Dobrá volba 2016,SPR-Republ.str.Èsl. M.Sládka,Køes.demokr.unie-Ès.str.lid.,Èeská strana národnì sociální,REALISTÉ,SPORTOVCI,Dìlnic.str.sociální spravedl.,Svob.a pø.dem.-T.Okamura (SPD),Strana Práv Obèanù

541656;Rakovník;997;576;573;Obèanská demokratická strana,Øád národa - Vlastenecká unie,CESTA ODPOVÌDNÉ SPOLEÈNOSTI,Èeská str.sociálnì demokrat.,Radostné Èesko,STAROSTOVÉ A NEZÁVISLÍ,Komunistická str.Èech a Moravy,Strana zelenıch,ROZUMNÍ-stop migraci,diktát.EU,Strana svobodnıch obèanù,Blok proti islam.-Obran.domova,Obèanská demokratická aliance,Èeská pirátská strana,Unie H.A.V.E.L.,Referendum o Evropské unii,TOP 09,ANO 2011,Dobrá volba 2016,SPR-Republ.str.Èsl. M.Sládka,Køes.demokr.unie-Ès.str.lid.,Èeská strana národnì sociální,REALISTÉ,SPORTOVCI,Dìlnic.str.sociální spravedl.,Svob.a pø.dem.-T.Okamura (SPD),Strana Práv Obèanù

541656;Rakovník;821;452;449;Obèanská demokratická strana,Øád národa - Vlastenecká unie,CESTA ODPOVÌDNÉ SPOLEÈNOSTI,Èeská str.sociálnì demokrat.,Radostné Èesko,STAROSTOVÉ A NEZÁVISLÍ,Komunistická str.Èech a Moravy,Strana zelenıch,ROZUMNÍ-stop migraci,diktát.EU,Strana svobodnıch obèanù,Blok proti islam.-Obran.domova,Obèanská demokratická aliance,Èeská pirátská strana,Unie H.A.V.E.L.,Referendum o Evropské unii,TOP 09,ANO 2011,Dobrá volba 2016,SPR-Republ.str.Èsl. M.Sládka,Køes.demokr.unie-Ès.str.lid.,Èeská strana národnì sociální,REALISTÉ,SPORTOVCI,Dìlnic.str.sociální spravedl.,Svob.a pø.dem.-T.Okamura (SPD),Strana Práv Obèanù

541656;Rakovník;913;536;530;Obèanská demokratická strana,Øád národa - Vlastenecká unie,CESTA ODPOVÌDNÉ SPOLEÈNOSTI,Èeská str.sociálnì demokrat.,Radostné Èesko,STAROSTOVÉ A NEZÁVISLÍ,Komunistická str.Èech a Moravy,Strana zelenıch,ROZUMNÍ-stop migraci,diktát.EU,Strana svobodnıch obèanù,Blok proti islam.-Obran.domova,Obèanská demokratická aliance,Èeská pirátská strana,Unie H.A.V.E.L.,Referendum o Evropské unii,TOP 09,ANO 2011,Dobrá volba 2016,SPR-Republ.str.Èsl. M.Sládka,Køes.demokr.unie-Ès.str.lid.,Èeská strana národnì sociální,REALISTÉ,SPORTOVCI,Dìlnic.str.sociální spravedl.,Svob.a pø.dem.-T.Okamura (SPD),Strana Práv Obèanù

541656;Rakovník;931;614;604;Obèanská demokratická strana,Øád národa - Vlastenecká unie,CESTA ODPOVÌDNÉ SPOLEÈNOSTI,Èeská str.sociálnì demokrat.,Radostné Èesko,STAROSTOVÉ A NEZÁVISLÍ,Komunistická str.Èech a Moravy,Strana zelenıch,ROZUMNÍ-stop migraci,diktát.EU,Strana svobodnıch obèanù,Blok proti islam.-Obran.domova,Obèanská demokratická aliance,Èeská pirátská strana,Unie H.A.V.E.L.,Referendum o Evropské unii,TOP 09,ANO 2011,Dobrá volba 2016,SPR-Republ.str.Èsl. M.Sládka,Køes.demokr.unie-Ès.str.lid.,Èeská strana národnì sociální,REALISTÉ,SPORTOVCI,Dìlnic.str.sociální spravedl.,Svob.a pø.dem.-T.Okamura (SPD),Strana Práv Obèanù

541656;Rakovník;202;123;122;Obèanská demokratická strana,Øád národa - Vlastenecká unie,CESTA ODPOVÌDNÉ SPOLEÈNOSTI,Èeská str.sociálnì demokrat.,Radostné Èesko,STAROSTOVÉ A NEZÁVISLÍ,Komunistická str.Èech a Moravy,Strana zelenıch,ROZUMNÍ-stop migraci,diktát.EU,Strana svobodnıch obèanù,Blok proti islam.-Obran.domova,Obèanská demokratická aliance,Èeská pirátská strana,Unie H.A.V.E.L.,Referendum o Evropské unii,TOP 09,ANO 2011,Dobrá volba 2016,SPR-Republ.str.Èsl. M.Sládka,Køes.demokr.unie-Ès.str.lid.,Èeská strana národnì sociální,REALISTÉ,SPORTOVCI,Dìlnic.str.sociální spravedl.,Svob.a pø.dem.-T.Okamura (SPD),Strana Práv Obèanù

541656;Rakovník;931;614;604;Obèanská demokratická strana,Øád národa - Vlastenecká unie,CESTA ODPOVÌDNÉ SPOLEÈNOSTI,Èeská str.sociálnì demokrat.,Radostné Èesko,STAROSTOVÉ A NEZÁVISLÍ,Komunistická str.Èech a Moravy,Strana zelenıch,ROZUMNÍ-stop migraci,diktát.EU,Strana svobodnıch obèanù,Blok proti islam.-Obran.domova,Obèanská demokratická aliance,Èeská pirátská strana,Unie H.A.V.E.L.,Referendum o Evropské unii,TOP 09,ANO 2011,Dobrá volba 2016,SPR-Republ.str.Èsl. M.Sládka,Køes.demokr.unie-Ès.str.lid.,Èeská strana národnì sociální,REALISTÉ,SPORTOVCI,Dìlnic.str.sociální spravedl.,Svob.a pø.dem.-T.Okamura (SPD),Strana Práv Obèanù

541656;Rakovník;202;123;122;Obèanská demokratická strana,Øád národa - Vlastenecká unie,CESTA ODPOVÌDNÉ SPOLEÈNOSTI,Èeská str.sociálnì demokrat.,Radostné Èesko,STAROSTOVÉ A NEZÁVISLÍ,Komunistická str.Èech a Moravy,Strana zelenıch,ROZUMNÍ-stop migraci,diktát.EU,Strana svobodnıch obèanù,Blok proti islam.-Obran.domova,Obèanská demokratická aliance,Èeská pirátská strana,Unie H.A.V.E.L.,Referendum o Evropské unii,TOP 09,ANO 2011,Dobrá volba 2016,SPR-Republ.str.Èsl. M.Sládka,Køes.demokr.unie-Ès.str.lid.,Èeská strana národnì sociální,REALISTÉ,SPORTOVCI,Dìlnic.str.sociální spravedl.,Svob.a pø.dem.-T.Okamura (SPD),Strana Práv Obèanù

598526;Roztoky;870;485;483;Obèanská demokratická strana,Øád národa - Vlastenecká unie,CESTA ODPOVÌDNÉ SPOLEÈNOSTI,Èeská str.sociálnì demokrat.,Radostné Èesko,STAROSTOVÉ A NEZÁVISLÍ,Komunistická str.Èech a Moravy,Strana zelenıch,ROZUMNÍ-stop migraci,diktát.EU,Strana svobodnıch obèanù,Blok proti islam.-Obran.domova,Obèanská demokratická aliance,Èeská pirátská strana,Unie H.A.V.E.L.,Referendum o Evropské unii,TOP 09,ANO 2011,Dobrá volba 2016,SPR-Republ.str.Èsl. M.Sládka,Køes.demokr.unie-Ès.str.lid.,Èeská strana národnì sociální,REALISTÉ,SPORTOVCI,Dìlnic.str.sociální spravedl.,Svob.a pø.dem.-T.Okamura (SPD),Strana Práv Obèanù

542326;Ruda;585;328;328;Obèanská demokratická strana,Øád národa - Vlastenecká unie,CESTA ODPOVÌDNÉ SPOLEÈNOSTI,Èeská str.sociálnì demokrat.,Radostné Èesko,STAROSTOVÉ A NEZÁVISLÍ,Komunistická str.Èech a Moravy,Strana zelenıch,ROZUMNÍ-stop migraci,diktát.EU,Strana svobodnıch obèanù,Blok proti islam.-Obran.domova,Obèanská demokratická aliance,Èeská pirátská strana,Unie H.A.V.E.L.,Referendum o Evropské unii,TOP 09,ANO 2011,Dobrá volba 2016,SPR-Republ.str.Èsl. M.Sládka,Køes.demokr.unie-Ès.str.lid.,Èeská strana národnì sociální,REALISTÉ,SPORTOVCI,Dìlnic.str.sociální spravedl.,Svob.a pø.dem.-T.Okamura (SPD),Strana Práv Obèanù

542334;Rynholec;749;430;428;Obèanská demokratická strana,Øád národa - Vlastenecká unie,CESTA ODPOVÌDNÉ SPOLEÈNOSTI,Èeská str.sociálnì demokrat.,Radostné Èesko,STAROSTOVÉ A NEZÁVISLÍ,Komunistická str.Èech a Moravy,Strana zelenıch,ROZUMNÍ-stop migraci,diktát.EU,Strana svobodnıch obèanù,Blok proti islam.-Obran.domova,Obèanská demokratická aliance,Èeská pirátská strana,Unie H.A.V.E.L.,Referendum o Evropské unii,TOP 09,ANO 2011,Dobrá volba 2016,SPR-Republ.str.Èsl. M.Sládka,Køes.demokr.unie-Ès.str.lid.,Èeská strana národnì sociální,REALISTÉ,SPORTOVCI,Dìlnic.str.sociální spravedl.,Svob.a pø.dem.-T.Okamura (SPD),Strana Práv Obèanù

565504;Øeøichy;88;54;54;Obèanská demokratická strana,Øád národa - Vlastenecká unie,CESTA ODPOVÌDNÉ SPOLEÈNOSTI,Èeská str.sociálnì demokrat.,Radostné Èesko,STAROSTOVÉ A NEZÁVISLÍ,Komunistická str.Èech a Moravy,Strana zelenıch,ROZUMNÍ-stop migraci,diktát.EU,Strana svobodnıch obèanù,Blok proti islam.-Obran.domova,Obèanská demokratická aliance,Èeská pirátská strana,Unie H.A.V.E.L.,Referendum o Evropské unii,TOP 09,ANO 2011,Dobrá volba 2016,SPR-Republ.str.Èsl. M.Sládka,Køes.demokr.unie-Ès.str.lid.,Èeská strana národnì sociální,REALISTÉ,SPORTOVCI,Dìlnic.str.sociální spravedl.,Svob.a pø.dem.-T.Okamura (SPD),Strana Práv Obèanù

542351;Øevnièov;1 044;646;643;Obèanská demokratická strana,Øád národa - Vlastenecká unie,CESTA ODPOVÌDNÉ SPOLEÈNOSTI,Èeská str.sociálnì demokrat.,Radostné Èesko,STAROSTOVÉ A NEZÁVISLÍ,Komunistická str.Èech a Moravy,Strana zelenıch,ROZUMNÍ-stop migraci,diktát.EU,Strana svobodnıch obèanù,Blok proti islam.-Obran.domova,Obèanská demokratická aliance,Èeská pirátská strana,Unie H.A.V.E.L.,Referendum o Evropské unii,TOP 09,ANO 2011,Dobrá volba 2016,SPR-Republ.str.Èsl. M.Sládka,Køes.demokr.unie-Ès.str.lid.,Èeská strana národnì sociální,REALISTÉ,SPORTOVCI,Dìlnic.str.sociální spravedl.,Svob.a pø.dem.-T.Okamura (SPD),Strana Práv Obèanù

542351;Øevnièov;84;56;55;Obèanská demokratická strana,Øád národa - Vlastenecká unie,CESTA ODPOVÌDNÉ SPOLEÈNOSTI,Èeská str.sociálnì demokrat.,Radostné Èesko,STAROSTOVÉ A NEZÁVISLÍ,Komunistická str.Èech a Moravy,Strana zelenıch,ROZUMNÍ-stop migraci,diktát.EU,Strana svobodnıch obèanù,Blok proti islam.-Obran.domova,Obèanská demokratická aliance,Èeská pirátská strana,Unie H.A.V.E.L.,Referendum o Evropské unii,TOP 09,ANO 2011,Dobrá volba 2016,SPR-Republ.str.Èsl. M.Sládka,Køes.demokr.unie-Ès.str.lid.,Èeská strana národnì sociální,REALISTÉ,SPORTOVCI,Dìlnic.str.sociální spravedl.,Svob.a pø.dem.-T.Okamura (SPD),Strana Práv Obèanù

542369;Senec;201;138;137;Obèanská demokratická strana,Øád národa - Vlastenecká unie,CESTA ODPOVÌDNÉ SPOLEÈNOSTI,Èeská str.sociálnì demokrat.,Radostné Èesko,STAROSTOVÉ A NEZÁVISLÍ,Komunistická str.Èech a Moravy,Strana zelenıch,ROZUMNÍ-stop migraci,diktát.EU,Strana svobodnıch obèanù,Blok proti islam.-Obran.domova,Obèanská demokratická aliance,Èeská pirátská strana,Unie H.A.V.E.L.,Referendum o Evropské unii,TOP 09,ANO 2011,Dobrá volba 2016,SPR-Republ.str.Èsl. M.Sládka,Køes.demokr.unie-Ès.str.lid.,Èeská strana národnì sociální,REALISTÉ,SPORTOVCI,Dìlnic.str.sociální spravedl.,Svob.a pø.dem.-T.Okamura (SPD),Strana Práv Obèanù

542377;Senomaty;847;544;541;Obèanská demokratická strana,Øád národa - Vlastenecká unie,CESTA ODPOVÌDNÉ SPOLEÈNOSTI,Èeská str.sociálnì demokrat.,Radostné Èesko,STAROSTOVÉ A NEZÁVISLÍ,Komunistická str.Èech a Moravy,Strana zelenıch,ROZUMNÍ-stop migraci,diktát.EU,Strana svobodnıch obèanù,Blok proti islam.-Obran.domova,Obèanská demokratická aliance,Èeská pirátská strana,Unie H.A.V.E.L.,Referendum o Evropské unii,TOP 09,ANO 2011,Dobrá volba 2016,SPR-Republ.str.Èsl. M.Sládka,Køes.demokr.unie-Ès.str.lid.,Èeská strana národnì sociální,REALISTÉ,SPORTOVCI,Dìlnic.str.sociální spravedl.,Svob.a pø.dem.-T.Okamura (SPD),Strana Práv Obèanù

542377;Senomaty;92;62;62;Obèanská demokratická strana,Øád národa - Vlastenecká unie,CESTA ODPOVÌDNÉ SPOLEÈNOSTI,Èeská str.sociálnì demokrat.,Radostné Èesko,STAROSTOVÉ A NEZÁVISLÍ,Komunistická str.Èech a Moravy,Strana zelenıch,ROZUMNÍ-stop migraci,diktát.EU,Strana svobodnıch obèanù,Blok proti islam.-Obran.domova,Obèanská demokratická aliance,Èeská pirátská strana,Unie H.A.V.E.L.,Referendum o Evropské unii,TOP 09,ANO 2011,Dobrá volba 2016,SPR-Republ.str.Èsl. M.Sládka,Køes.demokr.unie-Ès.str.lid.,Èeská strana národnì sociální,REALISTÉ,SPORTOVCI,Dìlnic.str.sociální spravedl.,Svob.a pø.dem.-T.Okamura (SPD),Strana Práv Obèanù

542385;Skryje;145;97;97;Obèanská demokratická strana,Øád národa - Vlastenecká unie,CESTA ODPOVÌDNÉ SPOLEÈNOSTI,Èeská str.sociálnì demokrat.,Radostné Èesko,STAROSTOVÉ A NEZÁVISLÍ,Komunistická str.Èech a Moravy,Strana zelenıch,ROZUMNÍ-stop migraci,diktát.EU,Strana svobodnıch obèanù,Blok proti islam.-Obran.domova,Obèanská demokratická aliance,Èeská pirátská strana,Unie H.A.V.E.L.,Referendum o Evropské unii,TOP 09,ANO 2011,Dobrá volba 2016,SPR-Republ.str.Èsl. M.Sládka,Køes.demokr.unie-Ès.str.lid.,Èeská strana národnì sociální,REALISTÉ,SPORTOVCI,Dìlnic.str.sociální spravedl.,Svob.a pø.dem.-T.Okamura (SPD),Strana Práv Obèanù

542415;Slabce;329;166;165;Obèanská demokratická strana,Øád národa - Vlastenecká unie,CESTA ODPOVÌDNÉ SPOLEÈNOSTI,Èeská str.sociálnì demokrat.,Radostné Èesko,STAROSTOVÉ A NEZÁVISLÍ,Komunistická str.Èech a Moravy,Strana zelenıch,ROZUMNÍ-stop migraci,diktát.EU,Strana svobodnıch obèanù,Blok proti islam.-Obran.domova,Obèanská demokratická aliance,Èeská pirátská strana,Unie H.A.V.E.L.,Referendum o Evropské unii,TOP 09,ANO 2011,Dobrá volba 2016,SPR-Republ.str.Èsl. M.Sládka,Køes.demokr.unie-Ès.str.lid.,Èeská strana národnì sociální,REALISTÉ,SPORTOVCI,Dìlnic.str.sociální spravedl.,Svob.a pø.dem.-T.Okamura (SPD),Strana Práv Obèanù

542415;Slabce;108;77;77;Obèanská demokratická strana,Øád národa - Vlastenecká unie,CESTA ODPOVÌDNÉ SPOLEÈNOSTI,Èeská str.sociálnì demokrat.,Radostné Èesko,STAROSTOVÉ A NEZÁVISLÍ,Komunistická str.Èech a Moravy,Strana zelenıch,ROZUMNÍ-stop migraci,diktát.EU,Strana svobodnıch obèanù,Blok proti islam.-Obran.domova,Obèanská demokratická aliance,Èeská pirátská strana,Unie H.A.V.E.L.,Referendum o Evropské unii,TOP 09,ANO 2011,Dobrá volba 2016,SPR-Republ.str.Èsl. M.Sládka,Køes.demokr.unie-Ès.str.lid.,Èeská strana národnì sociální,REALISTÉ,SPORTOVCI,Dìlnic.str.sociální spravedl.,Svob.a pø.dem.-T.Okamura (SPD),Strana Práv Obèanù

542415;Slabce;43;31;31;Obèanská demokratická strana,Øád národa - Vlastenecká unie,CESTA ODPOVÌDNÉ SPOLEÈNOSTI,Èeská str.sociálnì demokrat.,Radostné Èesko,STAROSTOVÉ A NEZÁVISLÍ,Komunistická str.Èech a Moravy,Strana zelenıch,ROZUMNÍ-stop migraci,diktát.EU,Strana svobodnıch obèanù,Blok proti islam.-Obran.domova,Obèanská demokratická aliance,Èeská pirátská strana,Unie H.A.V.E.L.,Referendum o Evropské unii,TOP 09,ANO 2011,Dobrá volba 2016,SPR-Republ.str.Èsl. M.Sládka,Køes.demokr.unie-Ès.str.lid.,Èeská strana národnì sociální,REALISTÉ,SPORTOVCI,Dìlnic.str.sociální spravedl.,Svob.a pø.dem.-T.Okamura (SPD),Strana Práv Obèanù

542415;Slabce;87;55;55;Obèanská demokratická strana,Øád národa - Vlastenecká unie,CESTA ODPOVÌDNÉ SPOLEÈNOSTI,Èeská str.sociálnì demokrat.,Radostné Èesko,STAROSTOVÉ A NEZÁVISLÍ,Komunistická str.Èech a Moravy,Strana zelenıch,ROZUMNÍ-stop migraci,diktát.EU,Strana svobodnıch obèanù,Blok proti islam.-Obran.domova,Obèanská demokratická aliance,Èeská pirátská strana,Unie H.A.V.E.L.,Referendum o Evropské unii,TOP 09,ANO 2011,Dobrá volba 2016,SPR-Republ.str.Èsl. M.Sládka,Køes.demokr.unie-Ès.str.lid.,Èeská strana národnì sociální,REALISTÉ,SPORTOVCI,Dìlnic.str.sociální spravedl.,Svob.a pø.dem.-T.Okamura (SPD),Strana Práv Obèanù

542415;Slabce;33;29;28;Obèanská demokratická strana,Øád národa - Vlastenecká unie,CESTA ODPOVÌDNÉ SPOLEÈNOSTI,Èeská str.sociálnì demokrat.,Radostné Èesko,STAROSTOVÉ A NEZÁVISLÍ,Komunistická str.Èech a Moravy,Strana zelenıch,ROZUMNÍ-stop migraci,diktát.EU,Strana svobodnıch obèanù,Blok proti islam.-Obran.domova,Obèanská demokratická aliance,Èeská pirátská strana,Unie H.A.V.E.L.,Referendum o Evropské unii,TOP 09,ANO 2011,Dobrá volba 2016,SPR-Republ.str.Èsl. M.Sládka,Køes.demokr.unie-Ès.str.lid.,Èeská strana národnì sociální,REALISTÉ,SPORTOVCI,Dìlnic.str.sociální spravedl.,Svob.a pø.dem.-T.Okamura (SPD),Strana Práv Obèanù

565407;Smilovice;46;27;27;Obèanská demokratická strana,Øád národa - Vlastenecká unie,CESTA ODPOVÌDNÉ SPOLEÈNOSTI,Èeská str.sociálnì demokrat.,Radostné Èesko,STAROSTOVÉ A NEZÁVISLÍ,Komunistická str.Èech a Moravy,Strana zelenıch,ROZUMNÍ-stop migraci,diktát.EU,Strana svobodnıch obèanù,Blok proti islam.-Obran.domova,Obèanská demokratická aliance,Èeská pirátská strana,Unie H.A.V.E.L.,Referendum o Evropské unii,TOP 09,ANO 2011,Dobrá volba 2016,SPR-Republ.str.Èsl. M.Sládka,Køes.demokr.unie-Ès.str.lid.,Èeská strana národnì sociální,REALISTÉ,SPORTOVCI,Dìlnic.str.sociální spravedl.,Svob.a pø.dem.-T.Okamura (SPD),Strana Práv Obèanù

542431;Srbeè;268;121;121;Obèanská demokratická strana,Øád národa - Vlastenecká unie,CESTA ODPOVÌDNÉ SPOLEÈNOSTI,Èeská str.sociálnì demokrat.,Radostné Èesko,STAROSTOVÉ A NEZÁVISLÍ,Komunistická str.Èech a Moravy,Strana zelenıch,ROZUMNÍ-stop migraci,diktát.EU,Strana svobodnıch obèanù,Blok proti islam.-Obran.domova,Obèanská demokratická aliance,Èeská pirátská strana,Unie H.A.V.E.L.,Referendum o Evropské unii,TOP 09,ANO 2011,Dobrá volba 2016,SPR-Republ.str.Èsl. M.Sládka,Køes.demokr.unie-Ès.str.lid.,Èeská strana národnì sociální,REALISTÉ,SPORTOVCI,Dìlnic.str.sociální spravedl.,Svob.a pø.dem.-T.Okamura (SPD),Strana Práv Obèanù

542458;Svojetín;259;140;140;Obèanská demokratická strana,Øád národa - Vlastenecká unie,CESTA ODPOVÌDNÉ SPOLEÈNOSTI,Èeská str.sociálnì demokrat.,Radostné Èesko,STAROSTOVÉ A NEZÁVISLÍ,Komunistická str.Èech a Moravy,Strana zelenıch,ROZUMNÍ-stop migraci,diktát.EU,Strana svobodnıch obèanù,Blok proti islam.-Obran.domova,Obèanská demokratická aliance,Èeská pirátská strana,Unie H.A.V.E.L.,Referendum o Evropské unii,TOP 09,ANO 2011,Dobrá volba 2016,SPR-Republ.str.Èsl. M.Sládka,Køes.demokr.unie-Ès.str.lid.,Èeská strana národnì sociální,REALISTÉ,SPORTOVCI,Dìlnic.str.sociální spravedl.,Svob.a pø.dem.-T.Okamura (SPD),Strana Práv Obèanù

542466;Sıkoøice;442;291;290;Obèanská demokratická strana,Øád národa - Vlastenecká unie,CESTA ODPOVÌDNÉ SPOLEÈNOSTI,Èeská str.sociálnì demokrat.,Radostné Èesko,STAROSTOVÉ A NEZÁVISLÍ,Komunistická str.Èech a Moravy,Strana zelenıch,ROZUMNÍ-stop migraci,diktát.EU,Strana svobodnıch obèanù,Blok proti islam.-Obran.domova,Obèanská demokratická aliance,Èeská pirátská strana,Unie H.A.V.E.L.,Referendum o Evropské unii,TOP 09,ANO 2011,Dobrá volba 2016,SPR-Republ.str.Èsl. M.Sládka,Køes.demokr.unie-Ès.str.lid.,Èeská strana národnì sociální,REALISTÉ,SPORTOVCI,Dìlnic.str.sociální spravedl.,Svob.a pø.dem.-T.Okamura (SPD),Strana Práv Obèanù

542474;Šanov;413;250;250;Obèanská demokratická strana,Øád národa - Vlastenecká unie,CESTA ODPOVÌDNÉ SPOLEÈNOSTI,Èeská str.sociálnì demokrat.,Radostné Èesko,STAROSTOVÉ A NEZÁVISLÍ,Komunistická str.Èech a Moravy,Strana zelenıch,ROZUMNÍ-stop migraci,diktát.EU,Strana svobodnıch obèanù,Blok proti islam.-Obran.domova,Obèanská demokratická aliance,Èeská pirátská strana,Unie H.A.V.E.L.,Referendum o Evropské unii,TOP 09,ANO 2011,Dobrá volba 2016,SPR-Republ.str.Èsl. M.Sládka,Køes.demokr.unie-Ès.str.lid.,Èeská strana národnì sociální,REALISTÉ,SPORTOVCI,Dìlnic.str.sociální spravedl.,Svob.a pø.dem.-T.Okamura (SPD),Strana Práv Obèanù

598496;Šípy;139;101;100;Obèanská demokratická strana,Øád národa - Vlastenecká unie,CESTA ODPOVÌDNÉ SPOLEÈNOSTI,Èeská str.sociálnì demokrat.,Radostné Èesko,STAROSTOVÉ A NEZÁVISLÍ,Komunistická str.Èech a Moravy,Strana zelenıch,ROZUMNÍ-stop migraci,diktát.EU,Strana svobodnıch obèanù,Blok proti islam.-Obran.domova,Obèanská demokratická aliance,Èeská pirátská strana,Unie H.A.V.E.L.,Referendum o Evropské unii,TOP 09,ANO 2011,Dobrá volba 2016,SPR-Republ.str.Èsl. M.Sládka,Køes.demokr.unie-Ès.str.lid.,Èeská strana národnì sociální,REALISTÉ,SPORTOVCI,Dìlnic.str.sociální spravedl.,Svob.a pø.dem.-T.Okamura (SPD),Strana Práv Obèanù

565326;Švihov;37;29;29;Obèanská demokratická strana,Øád národa - Vlastenecká unie,CESTA ODPOVÌDNÉ SPOLEÈNOSTI,Èeská str.sociálnì demokrat.,Radostné Èesko,STAROSTOVÉ A NEZÁVISLÍ,Komunistická str.Èech a Moravy,Strana zelenıch,ROZUMNÍ-stop migraci,diktát.EU,Strana svobodnıch obèanù,Blok proti islam.-Obran.domova,Obèanská demokratická aliance,Èeská pirátská strana,Unie H.A.V.E.L.,Referendum o Evropské unii,TOP 09,ANO 2011,Dobrá volba 2016,SPR-Republ.str.Èsl. M.Sládka,Køes.demokr.unie-Ès.str.lid.,Èeská strana národnì sociální,REALISTÉ,SPORTOVCI,Dìlnic.str.sociální spravedl.,Svob.a pø.dem.-T.Okamura (SPD),Strana Práv Obèanù

542504;Tøeboc;117;82;79;Obèanská demokratická strana,Øád národa - Vlastenecká unie,CESTA ODPOVÌDNÉ SPOLEÈNOSTI,Èeská str.sociálnì demokrat.,Radostné Èesko,STAROSTOVÉ A NEZÁVISLÍ,Komunistická str.Èech a Moravy,Strana zelenıch,ROZUMNÍ-stop migraci,diktát.EU,Strana svobodnıch obèanù,Blok proti islam.-Obran.domova,Obèanská demokratická aliance,Èeská pirátská strana,Unie H.A.V.E.L.,Referendum o Evropské unii,TOP 09,ANO 2011,Dobrá volba 2016,SPR-Republ.str.Èsl. M.Sládka,Køes.demokr.unie-Ès.str.lid.,Èeská strana národnì sociální,REALISTÉ,SPORTOVCI,Dìlnic.str.sociální spravedl.,Svob.a pø.dem.-T.Okamura (SPD),Strana Práv Obèanù

542512;Tøtice;407;235;233;Obèanská demokratická strana,Øád národa - Vlastenecká unie,CESTA ODPOVÌDNÉ SPOLEÈNOSTI,Èeská str.sociálnì demokrat.,Radostné Èesko,STAROSTOVÉ A NEZÁVISLÍ,Komunistická str.Èech a Moravy,Strana zelenıch,ROZUMNÍ-stop migraci,diktát.EU,Strana svobodnıch obèanù,Blok proti islam.-Obran.domova,Obèanská demokratická aliance,Èeská pirátská strana,Unie H.A.V.E.L.,Referendum o Evropské unii,TOP 09,ANO 2011,Dobrá volba 2016,SPR-Republ.str.Èsl. M.Sládka,Køes.demokr.unie-Ès.str.lid.,Èeská strana národnì sociální,REALISTÉ,SPORTOVCI,Dìlnic.str.sociální spravedl.,Svob.a pø.dem.-T.Okamura (SPD),Strana Práv Obèanù

565512;Václavy;53;36;36;Obèanská demokratická strana,Øád národa - Vlastenecká unie,CESTA ODPOVÌDNÉ SPOLEÈNOSTI,Èeská str.sociálnì demokrat.,Radostné Èesko,STAROSTOVÉ A NEZÁVISLÍ,Komunistická str.Èech a Moravy,Strana zelenıch,ROZUMNÍ-stop migraci,diktát.EU,Strana svobodnıch obèanù,Blok proti islam.-Obran.domova,Obèanská demokratická aliance,Èeská pirátská strana,Unie H.A.V.E.L.,Referendum o Evropské unii,TOP 09,ANO 2011,Dobrá volba 2016,SPR-Republ.str.Èsl. M.Sládka,Køes.demokr.unie-Ès.str.lid.,Èeská strana národnì sociální,REALISTÉ,SPORTOVCI,Dìlnic.str.sociální spravedl.,Svob.a pø.dem.-T.Okamura (SPD),Strana Práv Obèanù

542563;Velká Buková;227;137;134;Obèanská demokratická strana,Øád národa - Vlastenecká unie,CESTA ODPOVÌDNÉ SPOLEÈNOSTI,Èeská str.sociálnì demokrat.,Radostné Èesko,STAROSTOVÉ A NEZÁVISLÍ,Komunistická str.Èech a Moravy,Strana zelenıch,ROZUMNÍ-stop migraci,diktát.EU,Strana svobodnıch obèanù,Blok proti islam.-Obran.domova,Obèanská demokratická aliance,Èeská pirátská strana,Unie H.A.V.E.L.,Referendum o Evropské unii,TOP 09,ANO 2011,Dobrá volba 2016,SPR-Republ.str.Èsl. M.Sládka,Køes.demokr.unie-Ès.str.lid.,Èeská strana národnì sociální,REALISTÉ,SPORTOVCI,Dìlnic.str.sociální spravedl.,Svob.a pø.dem.-T.Okamura (SPD),Strana Práv Obèanù

529699;Velká Chmelištná;59;45;45;Obèanská demokratická strana,Øád národa - Vlastenecká unie,CESTA ODPOVÌDNÉ SPOLEÈNOSTI,Èeská str.sociálnì demokrat.,Radostné Èesko,STAROSTOVÉ A NEZÁVISLÍ,Komunistická str.Èech a Moravy,Strana zelenıch,ROZUMNÍ-stop migraci,diktát.EU,Strana svobodnıch obèanù,Blok proti islam.-Obran.domova,Obèanská demokratická aliance,Èeská pirátská strana,Unie H.A.V.E.L.,Referendum o Evropské unii,TOP 09,ANO 2011,Dobrá volba 2016,SPR-Republ.str.Èsl. M.Sládka,Køes.demokr.unie-Ès.str.lid.,Èeská strana národnì sociální,REALISTÉ,SPORTOVCI,Dìlnic.str.sociální spravedl.,Svob.a pø.dem.-T.Okamura (SPD),Strana Práv Obèanù

565130;Všesulov;92;50;50;Obèanská demokratická strana,Øád národa - Vlastenecká unie,CESTA ODPOVÌDNÉ SPOLEÈNOSTI,Èeská str.sociálnì demokrat.,Radostné Èesko,STAROSTOVÉ A NEZÁVISLÍ,Komunistická str.Èech a Moravy,Strana zelenıch,ROZUMNÍ-stop migraci,diktát.EU,Strana svobodnıch obèanù,Blok proti islam.-Obran.domova,Obèanská demokratická aliance,Èeská pirátská strana,Unie H.A.V.E.L.,Referendum o Evropské unii,TOP 09,ANO 2011,Dobrá volba 2016,SPR-Republ.str.Èsl. M.Sládka,Køes.demokr.unie-Ès.str.lid.,Èeská strana národnì sociální,REALISTÉ,SPORTOVCI,Dìlnic.str.sociální spravedl.,Svob.a pø.dem.-T.Okamura (SPD),Strana Práv Obèanù

542598;Všetaty;253;142;142;Obèanská demokratická strana,Øád národa - Vlastenecká unie,CESTA ODPOVÌDNÉ SPOLEÈNOSTI,Èeská str.sociálnì demokrat.,Radostné Èesko,STAROSTOVÉ A NEZÁVISLÍ,Komunistická str.Èech a Moravy,Strana zelenıch,ROZUMNÍ-stop migraci,diktát.EU,Strana svobodnıch obèanù,Blok proti islam.-Obran.domova,Obèanská demokratická aliance,Èeská pirátská strana,Unie H.A.V.E.L.,Referendum o Evropské unii,TOP 09,ANO 2011,Dobrá volba 2016,SPR-Republ.str.Èsl. M.Sládka,Køes.demokr.unie-Ès.str.lid.,Èeská strana národnì sociální,REALISTÉ,SPORTOVCI,Dìlnic.str.sociální spravedl.,Svob.a pø.dem.-T.Okamura (SPD),Strana Práv Obèanù

542601;Zavidov;230;175;174;Obèanská demokratická strana,Øád národa - Vlastenecká unie,CESTA ODPOVÌDNÉ SPOLEÈNOSTI,Èeská str.sociálnì demokrat.,Radostné Èesko,STAROSTOVÉ A NEZÁVISLÍ,Komunistická str.Èech a Moravy,Strana zelenıch,ROZUMNÍ-stop migraci,diktát.EU,Strana svobodnıch obèanù,Blok proti islam.-Obran.domova,Obèanská demokratická aliance,Èeská pirátská strana,Unie H.A.V.E.L.,Referendum o Evropské unii,TOP 09,ANO 2011,Dobrá volba 2016,SPR-Republ.str.Èsl. M.Sládka,Køes.demokr.unie-Ès.str.lid.,Èeská strana národnì sociální,REALISTÉ,SPORTOVCI,Dìlnic.str.sociální spravedl.,Svob.a pø.dem.-T.Okamura (SPD),Strana Práv Obèanù

542610;Zbeèno;269;182;181;Obèanská demokratická strana,Øád národa - Vlastenecká unie,CESTA ODPOVÌDNÉ SPOLEÈNOSTI,Èeská str.sociálnì demokrat.,Radostné Èesko,STAROSTOVÉ A NEZÁVISLÍ,Komunistická str.Èech a Moravy,Strana zelenıch,ROZUMNÍ-stop migraci,diktát.EU,Strana svobodnıch obèanù,Blok proti islam.-Obran.domova,Obèanská demokratická aliance,Èeská pirátská strana,Unie H.A.V.E.L.,Referendum o Evropské unii,TOP 09,ANO 2011,Dobrá volba 2016,SPR-Republ.str.Èsl. M.Sládka,Køes.demokr.unie-Ès.str.lid.,Èeská strana národnì sociální,REALISTÉ,SPORTOVCI,Dìlnic.str.sociální spravedl.,Svob.a pø.dem.-T.Okamura (SPD),Strana Práv Obèanù

542610;Zbeèno;190;140;140;Obèanská demokratická strana,Øád národa - Vlastenecká unie,CESTA ODPOVÌDNÉ SPOLEÈNOSTI,Èeská str.sociálnì demokrat.,Radostné Èesko,STAROSTOVÉ A NEZÁVISLÍ,Komunistická str.Èech a Moravy,Strana zelenıch,ROZUMNÍ-stop migraci,diktát.EU,Strana svobodnıch obèanù,Blok proti islam.-Obran.domova,Obèanská demokratická aliance,Èeská pirátská strana,Unie H.A.V.E.L.,Referendum o Evropské unii,TOP 09,ANO 2011,Dobrá volba 2016,SPR-Republ.str.Èsl. M.Sládka,Køes.demokr.unie-Ès.str.lid.,Èeská strana národnì sociální,REALISTÉ,SPORTOVCI,Dìlnic.str.sociální spravedl.,Svob.a pø.dem.-T.Okamura (SPD),Strana Práv Obèanù

598518;ïár;75;42;42;Obèanská demokratická strana,Øád národa - Vlastenecká unie,CESTA ODPOVÌDNÉ SPOLEÈNOSTI,Èeská str.sociálnì demokrat.,Radostné Èesko,STAROSTOVÉ A NEZÁVISLÍ,Komunistická str.Èech a Moravy,Strana zelenıch,ROZUMNÍ-stop migraci,diktát.EU,Strana svobodnıch obèanù,Blok proti islam.-Obran.domova,Obèanská demokratická aliance,Èeská pirátská strana,Unie H.A.V.E.L.,Referendum o Evropské unii,TOP 09,ANO 2011,Dobrá volba 2016,SPR-Republ.str.Èsl. M.Sládka,Køes.demokr.unie-Ès.str.lid.,Èeská strana národnì sociální,REALISTÉ,SPORTOVCI,Dìlnic.str.sociální spravedl.,Svob.a pø.dem.-T.Okamura (SPD),Strana Práv Obèanù

